Harrison-NE,2023-11-11T00:00:00-07:00,Cloudy,23,F
Harrison-NE,2023-11-11T01:00:00-07:00,Cloudy,23,F
Harrison-NE,2023-11-11T02:00:00-07:00,Mostly cloudy,24,F
Harrison-NE,2023-11-11T03:00:00-07:00,Mostly cloudy,24,F
Harrison-NE,2023-11-11T04:00:00-07:00,Mostly cloudy,25,F
Harrison-NE,2023-11-11T05:00:00-07:00,Mostly cloudy,27,F
Harrison-NE,2023-11-11T06:00:00-07:00,Mostly cloudy,27,F
Harrison-NE,2023-11-11T07:00:00-07:00,Sunny,28,F
Harrison-NE,2023-11-11T08:00:00-07:00,Sunny,33,F
Harrison-NE,2023-11-11T09:00:00-07:00,Sunny,40,F
Harrison-NE,2023-11-11T00:00:00-07:00,Mostly cloudy,25,F
Harrison-NE,2023-11-11T01:00:00-07:00,Cloudy,24,F
Harrison-NE,2023-11-11T02:00:00-07:00,Mostly cloudy,24,F
Harrison-NE,2023-11-11T03:00:00-07:00,Mostly cloudy,24,F
Harrison-NE,2023-11-11T04:00:00-07:00,Mostly cloudy,26,F
Harrison-NE,2023-11-11T05:00:00-07:00,Mostly cloudy,27,F
Harrison-NE,2023-11-11T06:00:00-07:00,Mostly cloudy,27,F
Harrison-NE,2023-11-11T07:00:00-07:00,Sunny,28,F
Harrison-NE,2023-11-11T08:00:00-07:00,Sunny,33,F
Harrison-NE,2023-11-11T09:00:00-07:00,Sunny,40,F
Harrison-NE,2023-11-11T10:00:00-07:00,Sunny,48,F
Harrison-NE,2023-11-11T11:00:00-07:00,Sunny,51,F
Harrison-NE,2023-11-11T12:00:00-07:00,Sunny,53,F
Harrison-NE,2023-11-11T13:00:00-07:00,Sunny,57,F
Harrison-NE,2023-11-11T14:00:00-07:00,Sunny,56,F
Harrison-NE,2023-11-11T15:00:00-07:00,Mostly sunny,54,F
Harrison-NE,2023-11-11T16:00:00-07:00,Mostly sunny,52,F
Harrison-NE,2023-11-11T17:00:00-07:00,Mostly clear,48,F
Harrison-NE,2023-11-11T18:00:00-07:00,Mostly clear,45,F
Harrison-NE,2023-11-11T19:00:00-07:00,Mostly clear,42,F
Harrison-NE,2023-11-11T20:00:00-07:00,Mostly clear,40,F
Harrison-NE,2023-11-11T21:00:00-07:00,Mostly clear,38,F
Harrison-NE,2023-11-11T22:00:00-07:00,Partly cloudy,38,F
Harrison-NE,2023-11-11T23:00:00-07:00,Partly cloudy,37,F
Harrison-NE,2023-11-12T00:00:00-07:00,Partly cloudy,35,F
Harrison-NE,2023-11-12T01:00:00-07:00,Mostly clear,35,F
Harrison-NE,2023-11-12T02:00:00-07:00,Clear,35,F
Harrison-NE,2023-11-12T03:00:00-07:00,Clear,35,F
Harrison-NE,2023-11-12T04:00:00-07:00,Clear,35,F
Harrison-NE,2023-11-12T05:00:00-07:00,Clear,35,F
Harrison-NE,2023-11-12T06:00:00-07:00,Clear,35,F
Harrison-NE,2023-11-12T07:00:00-07:00,Sunny,38,F
Harrison-NE,2023-11-12T08:00:00-07:00,Sunny,42,F
Harrison-NE,2023-11-12T09:00:00-07:00,Sunny,45,F
Harrison-NE,2023-11-12T10:00:00-07:00,Sunny,51,F
Harrison-NE,2023-11-12T11:00:00-07:00,Sunny,54,F
Harrison-NE,2023-11-12T12:00:00-07:00,Sunny,57,F
Harrison-NE,2023-11-12T13:00:00-07:00,Mostly sunny,60,F
Imperial-NE,2023-11-11T00:00:00-07:00,Partly cloudy,33,F
Imperial-NE,2023-11-11T01:00:00-07:00,Mostly clear,31,F
Imperial-NE,2023-11-11T02:00:00-07:00,Mostly clear,29,F
Imperial-NE,2023-11-11T03:00:00-07:00,Partly cloudy,27,F
Imperial-NE,2023-11-11T04:00:00-07:00,Partly cloudy,26,F
Imperial-NE,2023-11-11T05:00:00-07:00,Partly cloudy,24,F
Imperial-NE,2023-11-11T06:00:00-07:00,Partly cloudy,23,F
Imperial-NE,2023-11-11T07:00:00-07:00,Mostly sunny,27,F
Imperial-NE,2023-11-11T08:00:00-07:00,Mostly sunny,34,F
Imperial-NE,2023-11-11T09:00:00-07:00,Mostly sunny,41,F
Imperial-NE,2023-11-11T10:00:00-07:00,Mostly sunny,49,F
Imperial-NE,2023-11-11T11:00:00-07:00,Mostly sunny,55,F
Imperial-NE,2023-11-11T12:00:00-07:00,Mostly sunny,60,F
Imperial-NE,2023-11-11T13:00:00-07:00,Sunny,64,F
Imperial-NE,2023-11-11T14:00:00-07:00,Sunny,65,F
Imperial-NE,2023-11-11T15:00:00-07:00,Sunny,63,F
Imperial-NE,2023-11-11T16:00:00-07:00,Sunny,58,F
Imperial-NE,2023-11-11T17:00:00-07:00,Mostly clear,54,F
Imperial-NE,2023-11-11T18:00:00-07:00,Clear,49,F
Imperial-NE,2023-11-11T19:00:00-07:00,Clear,46,F
Imperial-NE,2023-11-11T20:00:00-07:00,Clear,43,F
Imperial-NE,2023-11-11T21:00:00-07:00,Clear,40,F
Imperial-NE,2023-11-11T22:00:00-07:00,Clear,38,F
Imperial-NE,2023-11-11T23:00:00-07:00,Clear,36,F
Imperial-NE,2023-11-12T00:00:00-07:00,Mostly clear,32,F
Imperial-NE,2023-11-12T01:00:00-07:00,Clear,32,F
Imperial-NE,2023-11-12T02:00:00-07:00,Clear,32,F
Imperial-NE,2023-11-12T03:00:00-07:00,Clear,31,F
Imperial-NE,2023-11-12T04:00:00-07:00,Clear,31,F
Imperial-NE,2023-11-12T05:00:00-07:00,Clear,31,F
Imperial-NE,2023-11-12T06:00:00-07:00,Clear,33,F
Imperial-NE,2023-11-12T07:00:00-07:00,Sunny,36,F
Imperial-NE,2023-11-12T08:00:00-07:00,Sunny,39,F
Imperial-NE,2023-11-12T09:00:00-07:00,Sunny,47,F
Imperial-NE,2023-11-12T10:00:00-07:00,Sunny,54,F
Imperial-NE,2023-11-12T11:00:00-07:00,Sunny,58,F
Imperial-NE,2023-11-12T12:00:00-07:00,Sunny,66,F
Imperial-NE,2023-11-12T13:00:00-07:00,Sunny,67,F
Imperial-NE,2023-11-12T14:00:00-07:00,Sunny,66,F
Imperial-NE,2023-11-12T15:00:00-07:00,Sunny,63,F
Imperial-NE,2023-11-12T16:00:00-07:00,Sunny,60,F
Imperial-NE,2023-11-12T17:00:00-07:00,Mostly clear,55,F
Imperial-NE,2023-11-12T18:00:00-07:00,Clear,50,F
Imperial-NE,2023-11-12T19:00:00-07:00,Clear,46,F
Imperial-NE,2023-11-12T20:00:00-07:00,Clear,43,F
Imperial-NE,2023-11-12T21:00:00-07:00,Clear,41,F
Imperial-NE,2023-11-12T22:00:00-07:00,Clear,38,F
Imperial-NE,2023-11-12T23:00:00-07:00,Clear,37,F
Grant-NE,2023-11-10T22:00:00-07:00,Mostly clear,28,F
Grant-NE,2023-11-10T23:00:00-07:00,Mostly clear,27,F
Grant-NE,2023-11-11T00:00:00-07:00,Mostly clear,27,F
Grant-NE,2023-11-11T01:00:00-07:00,Partly cloudy,26,F
Grant-NE,2023-11-11T02:00:00-07:00,Partly cloudy,26,F
Grant-NE,2023-11-11T03:00:00-07:00,Intermittent clouds,25,F
Grant-NE,2023-11-11T04:00:00-07:00,Intermittent clouds,25,F
Grant-NE,2023-11-11T05:00:00-07:00,Intermittent clouds,24,F
Grant-NE,2023-11-11T06:00:00-07:00,Partly cloudy,24,F
Grant-NE,2023-11-11T07:00:00-07:00,Mostly sunny,28,F
Grant-NE,2023-11-11T08:00:00-07:00,Mostly sunny,33,F
Grant-NE,2023-11-11T09:00:00-07:00,Mostly sunny,39,F
Grant-NE,2023-11-11T00:00:00-07:00,Partly cloudy,27,F
Grant-NE,2023-11-11T01:00:00-07:00,Partly cloudy,26,F
Grant-NE,2023-11-11T02:00:00-07:00,Partly cloudy,26,F
Grant-NE,2023-11-11T03:00:00-07:00,Intermittent clouds,25,F
Grant-NE,2023-11-11T04:00:00-07:00,Intermittent clouds,25,F
Grant-NE,2023-11-11T05:00:00-07:00,Intermittent clouds,24,F
Grant-NE,2023-11-11T06:00:00-07:00,Partly cloudy,24,F
Grant-NE,2023-11-11T07:00:00-07:00,Mostly sunny,28,F
Grant-NE,2023-11-11T08:00:00-07:00,Mostly sunny,33,F
Grant-NE,2023-11-11T09:00:00-07:00,Mostly sunny,39,F
Grant-NE,2023-11-11T10:00:00-07:00,Mostly sunny,49,F
Grant-NE,2023-11-11T11:00:00-07:00,Mostly sunny,55,F
Grant-NE,2023-11-11T12:00:00-07:00,Mostly sunny,62,F
Grant-NE,2023-11-11T13:00:00-07:00,Sunny,63,F
Grant-NE,2023-11-11T14:00:00-07:00,Sunny,64,F
Grant-NE,2023-11-11T15:00:00-07:00,Sunny,61,F
Grant-NE,2023-11-11T16:00:00-07:00,Sunny,57,F
Grant-NE,2023-11-11T17:00:00-07:00,Mostly clear,53,F
Grant-NE,2023-11-11T18:00:00-07:00,Clear,48,F
Grant-NE,2023-11-11T19:00:00-07:00,Clear,45,F
Grant-NE,2023-11-11T20:00:00-07:00,Clear,42,F
Grant-NE,2023-11-11T21:00:00-07:00,Clear,39,F
Grant-NE,2023-11-11T22:00:00-07:00,Clear,36,F
Grant-NE,2023-11-11T23:00:00-07:00,Clear,35,F
Grant-NE,2023-11-12T00:00:00-07:00,Mostly clear,33,F
Grant-NE,2023-11-12T01:00:00-07:00,Clear,32,F
Grant-NE,2023-11-12T02:00:00-07:00,Clear,32,F
Grant-NE,2023-11-12T03:00:00-07:00,Clear,32,F
Grant-NE,2023-11-12T04:00:00-07:00,Clear,32,F
Grant-NE,2023-11-12T05:00:00-07:00,Clear,32,F
Grant-NE,2023-11-12T06:00:00-07:00,Clear,33,F
Grant-NE,2023-11-12T07:00:00-07:00,Sunny,36,F
Grant-NE,2023-11-12T08:00:00-07:00,Sunny,41,F
Grant-NE,2023-11-12T09:00:00-07:00,Sunny,46,F
Grant-NE,2023-11-12T10:00:00-07:00,Sunny,53,F
Grant-NE,2023-11-12T11:00:00-07:00,Sunny,56,F
Alliance-NE,2023-11-11T00:00:00-07:00,Cloudy,23,F
Alliance-NE,2023-11-11T01:00:00-07:00,Partly cloudy,22,F
Alliance-NE,2023-11-11T02:00:00-07:00,Partly cloudy,21,F
Alliance-NE,2023-11-11T03:00:00-07:00,Partly cloudy,20,F
Alliance-NE,2023-11-11T04:00:00-07:00,Partly cloudy,19,F
Alliance-NE,2023-11-11T05:00:00-07:00,Mostly clear,18,F
Alliance-NE,2023-11-11T06:00:00-07:00,Mostly clear,22,F
Alliance-NE,2023-11-11T07:00:00-07:00,Mostly sunny,27,F
Alliance-NE,2023-11-11T08:00:00-07:00,Mostly sunny,33,F
Alliance-NE,2023-11-11T09:00:00-07:00,Mostly sunny,42,F
Alliance-NE,2023-11-11T10:00:00-07:00,Mostly sunny,48,F
Alliance-NE,2023-11-11T11:00:00-07:00,Mostly sunny,51,F
Alliance-NE,2023-11-11T12:00:00-07:00,Sunny,57,F
Alliance-NE,2023-11-11T13:00:00-07:00,Mostly sunny,58,F
Alliance-NE,2023-11-11T14:00:00-07:00,Mostly sunny,59,F
Alliance-NE,2023-11-11T15:00:00-07:00,Mostly sunny,56,F
Alliance-NE,2023-11-11T16:00:00-07:00,Mostly sunny,52,F
Alliance-NE,2023-11-11T17:00:00-07:00,Mostly clear,47,F
Alliance-NE,2023-11-11T18:00:00-07:00,Mostly clear,43,F
Alliance-NE,2023-11-11T19:00:00-07:00,Mostly clear,40,F
Alliance-NE,2023-11-11T20:00:00-07:00,Clear,37,F
Alliance-NE,2023-11-11T21:00:00-07:00,Clear,35,F
Alliance-NE,2023-11-11T22:00:00-07:00,Clear,34,F
Alliance-NE,2023-11-11T23:00:00-07:00,Mostly clear,33,F
Alliance-NE,2023-11-12T00:00:00-07:00,Mostly clear,31,F
Alliance-NE,2023-11-12T01:00:00-07:00,Mostly clear,30,F
Alliance-NE,2023-11-12T02:00:00-07:00,Mostly clear,30,F
Alliance-NE,2023-11-12T03:00:00-07:00,Clear,29,F
Alliance-NE,2023-11-12T04:00:00-07:00,Clear,29,F
Alliance-NE,2023-11-12T05:00:00-07:00,Clear,29,F
Alliance-NE,2023-11-12T06:00:00-07:00,Clear,31,F
Alliance-NE,2023-11-12T07:00:00-07:00,Sunny,35,F
Alliance-NE,2023-11-12T08:00:00-07:00,Sunny,38,F
Alliance-NE,2023-11-12T09:00:00-07:00,Sunny,46,F
Alliance-NE,2023-11-12T10:00:00-07:00,Sunny,52,F
Alliance-NE,2023-11-12T11:00:00-07:00,Sunny,55,F
Alliance-NE,2023-11-12T12:00:00-07:00,Sunny,62,F
Alliance-NE,2023-11-12T13:00:00-07:00,Sunny,63,F
Alliance-NE,2023-11-12T14:00:00-07:00,Sunny,61,F
Alliance-NE,2023-11-12T15:00:00-07:00,Sunny,57,F
Alliance-NE,2023-11-12T16:00:00-07:00,Sunny,54,F
Alliance-NE,2023-11-12T17:00:00-07:00,Clear,48,F
Alliance-NE,2023-11-12T18:00:00-07:00,Clear,43,F
Alliance-NE,2023-11-12T19:00:00-07:00,Clear,40,F
Alliance-NE,2023-11-12T20:00:00-07:00,Clear,37,F
Alliance-NE,2023-11-12T21:00:00-07:00,Clear,35,F
Alliance-NE,2023-11-12T22:00:00-07:00,Clear,34,F
Alliance-NE,2023-11-12T23:00:00-07:00,Mostly clear,33,F
Bowman-ND,2023-11-11T00:00:00-07:00,Intermittent clouds,26,F
Bowman-ND,2023-11-11T01:00:00-07:00,Cloudy,27,F
Bowman-ND,2023-11-11T02:00:00-07:00,Cloudy,27,F
Bowman-ND,2023-11-11T03:00:00-07:00,Cloudy,27,F
Bowman-ND,2023-11-11T04:00:00-07:00,Cloudy,27,F
Bowman-ND,2023-11-11T05:00:00-07:00,Mostly cloudy,27,F
Bowman-ND,2023-11-11T06:00:00-07:00,Intermittent clouds,27,F
Bowman-ND,2023-11-11T07:00:00-07:00,Cloudy,29,F
Bowman-ND,2023-11-11T08:00:00-07:00,Cloudy,32,F
Bowman-ND,2023-11-11T09:00:00-07:00,Cloudy,36,F
Bowman-ND,2023-11-11T10:00:00-07:00,Cloudy,42,F
Bowman-ND,2023-11-11T11:00:00-07:00,Cloudy,46,F
Bowman-ND,2023-11-11T12:00:00-07:00,Intermittent clouds,48,F
Bowman-ND,2023-11-11T13:00:00-07:00,Partly sunny,51,F
Bowman-ND,2023-11-11T14:00:00-07:00,Partly sunny,54,F
Bowman-ND,2023-11-11T15:00:00-07:00,Partly sunny,51,F
Bowman-ND,2023-11-11T16:00:00-07:00,Partly sunny,47,F
Bowman-ND,2023-11-11T17:00:00-07:00,Partly cloudy,43,F
Bowman-ND,2023-11-11T18:00:00-07:00,Intermittent clouds,41,F
Bowman-ND,2023-11-11T19:00:00-07:00,Partly cloudy,38,F
Bowman-ND,2023-11-11T20:00:00-07:00,Partly cloudy,36,F
Bowman-ND,2023-11-11T21:00:00-07:00,Partly cloudy,35,F
Bowman-ND,2023-11-11T22:00:00-07:00,Partly cloudy,34,F
Bowman-ND,2023-11-11T23:00:00-07:00,Partly cloudy,33,F
Bowman-ND,2023-11-12T00:00:00-07:00,Mostly clear,34,F
Bowman-ND,2023-11-12T01:00:00-07:00,Partly cloudy,37,F
Bowman-ND,2023-11-12T02:00:00-07:00,Partly cloudy,38,F
Bowman-ND,2023-11-12T03:00:00-07:00,Partly cloudy,40,F
Bowman-ND,2023-11-12T04:00:00-07:00,Mostly clear,40,F
Bowman-ND,2023-11-12T05:00:00-07:00,Mostly clear,39,F
Bowman-ND,2023-11-12T06:00:00-07:00,Mostly clear,38,F
Bowman-ND,2023-11-12T07:00:00-07:00,Mostly sunny,37,F
Bowman-ND,2023-11-12T08:00:00-07:00,Mostly sunny,39,F
Bowman-ND,2023-11-12T09:00:00-07:00,Mostly sunny,43,F
Bowman-ND,2023-11-12T10:00:00-07:00,Mostly sunny,46,F
Bowman-ND,2023-11-12T11:00:00-07:00,Sunny,49,F
Bowman-ND,2023-11-12T12:00:00-07:00,Sunny,54,F
Bowman-ND,2023-11-12T13:00:00-07:00,Sunny,55,F
Bowman-ND,2023-11-12T14:00:00-07:00,Sunny,54,F
Bowman-ND,2023-11-12T15:00:00-07:00,Sunny,52,F
Bowman-ND,2023-11-12T16:00:00-07:00,Mostly sunny,50,F
Bowman-ND,2023-11-12T17:00:00-07:00,Mostly clear,47,F
Bowman-ND,2023-11-12T18:00:00-07:00,Mostly clear,44,F
Bowman-ND,2023-11-12T19:00:00-07:00,Mostly clear,41,F
Bowman-ND,2023-11-12T20:00:00-07:00,Mostly clear,39,F
Bowman-ND,2023-11-12T21:00:00-07:00,Mostly clear,37,F
Bowman-ND,2023-11-12T22:00:00-07:00,Mostly clear,35,F
Bowman-ND,2023-11-12T23:00:00-07:00,Mostly clear,34,F
EL Paso-TX,2023-11-11T00:00:00-07:00,Mostly clear,29,F
EL Paso-TX,2023-11-11T01:00:00-07:00,Mostly clear,29,F
EL Paso-TX,2023-11-11T02:00:00-07:00,Mostly clear,29,F
EL Paso-TX,2023-11-11T03:00:00-07:00,Mostly clear,29,F
EL Paso-TX,2023-11-11T04:00:00-07:00,Mostly clear,29,F
EL Paso-TX,2023-11-11T05:00:00-07:00,Mostly clear,29,F
EL Paso-TX,2023-11-11T06:00:00-07:00,Mostly clear,29,F
EL Paso-TX,2023-11-11T07:00:00-07:00,Sunny,27,F
EL Paso-TX,2023-11-11T08:00:00-07:00,Sunny,32,F
EL Paso-TX,2023-11-11T09:00:00-07:00,Sunny,40,F
EL Paso-TX,2023-11-11T10:00:00-07:00,Sunny,47,F
EL Paso-TX,2023-11-11T11:00:00-07:00,Sunny,51,F
EL Paso-TX,2023-11-11T12:00:00-07:00,Sunny,56,F
EL Paso-TX,2023-11-11T13:00:00-07:00,Sunny,59,F
EL Paso-TX,2023-11-11T14:00:00-07:00,Sunny,57,F
EL Paso-TX,2023-11-11T15:00:00-07:00,Sunny,56,F
EL Paso-TX,2023-11-11T16:00:00-07:00,Sunny,54,F
EL Paso-TX,2023-11-11T17:00:00-07:00,Clear,50,F
EL Paso-TX,2023-11-11T18:00:00-07:00,Clear,46,F
EL Paso-TX,2023-11-11T19:00:00-07:00,Clear,43,F
EL Paso-TX,2023-11-11T20:00:00-07:00,Clear,40,F
EL Paso-TX,2023-11-11T21:00:00-07:00,Clear,38,F
EL Paso-TX,2023-11-11T22:00:00-07:00,Clear,37,F
EL Paso-TX,2023-11-11T23:00:00-07:00,Clear,36,F
EL Paso-TX,2023-11-12T00:00:00-07:00,Clear,32,F
EL Paso-TX,2023-11-12T01:00:00-07:00,Clear,31,F
EL Paso-TX,2023-11-12T02:00:00-07:00,Clear,31,F
EL Paso-TX,2023-11-12T03:00:00-07:00,Clear,31,F
EL Paso-TX,2023-11-12T04:00:00-07:00,Clear,32,F
EL Paso-TX,2023-11-12T05:00:00-07:00,Clear,33,F
EL Paso-TX,2023-11-12T06:00:00-07:00,Clear,33,F
EL Paso-TX,2023-11-12T07:00:00-07:00,Sunny,34,F
EL Paso-TX,2023-11-12T08:00:00-07:00,Sunny,38,F
EL Paso-TX,2023-11-12T09:00:00-07:00,Sunny,46,F
EL Paso-TX,2023-11-12T10:00:00-07:00,Sunny,53,F
EL Paso-TX,2023-11-12T11:00:00-07:00,Sunny,56,F
EL Paso-TX,2023-11-12T12:00:00-07:00,Sunny,62,F
EL Paso-TX,2023-11-12T13:00:00-07:00,Sunny,63,F
EL Paso-TX,2023-11-12T14:00:00-07:00,Sunny,62,F
EL Paso-TX,2023-11-12T15:00:00-07:00,Sunny,60,F
EL Paso-TX,2023-11-12T16:00:00-07:00,Sunny,58,F
EL Paso-TX,2023-11-12T17:00:00-07:00,Clear,54,F
EL Paso-TX,2023-11-12T18:00:00-07:00,Clear,51,F
EL Paso-TX,2023-11-12T19:00:00-07:00,Clear,48,F
EL Paso-TX,2023-11-12T20:00:00-07:00,Clear,45,F
EL Paso-TX,2023-11-12T21:00:00-07:00,Clear,43,F
EL Paso-TX,2023-11-12T22:00:00-07:00,Clear,42,F
EL Paso-TX,2023-11-12T23:00:00-07:00,Clear,40,F
Albuquerque-NM,2023-11-11T21:58:00-07:00,Clear,45,F
Albuquerque-NM,2023-11-11T20:58:00-07:00,Clear,46,F
Albuquerque-NM,2023-11-11T19:58:00-07:00,Clear,45,F
Albuquerque-NM,2023-11-11T18:59:00-07:00,Clear,47,F
Albuquerque-NM,2023-11-11T17:58:00-07:00,Clear,51,F
Albuquerque-NM,2023-11-11T16:58:00-07:00,Sunny,51,F
Albuquerque-NM,2023-11-11T15:58:00-07:00,Sunny,51,F
Albuquerque-NM,2023-11-11T14:58:00-07:00,Mostly sunny,50,F
Albuquerque-NM,2023-11-11T13:58:00-07:00,Mostly sunny,49,F
Albuquerque-NM,2023-11-11T12:58:00-07:00,Partly sunny,48,F
Albuquerque-NM,2023-11-11T11:58:00-07:00,Mostly cloudy,45,F
Albuquerque-NM,2023-11-11T10:58:00-07:00,Cloudy,45,F
Albuquerque-NM,2023-11-11T09:58:00-07:00,Partly sunny,44,F
Albuquerque-NM,2023-11-11T08:58:00-07:00,Partly sunny,42,F
Albuquerque-NM,2023-11-11T07:58:00-07:00,Mostly cloudy,42,F
Albuquerque-NM,2023-11-11T06:58:00-07:00,Mostly cloudy,43,F
Albuquerque-NM,2023-11-11T05:58:00-07:00,Mostly clear,43,F
Albuquerque-NM,2023-11-11T04:58:00-07:00,Mostly cloudy,44,F
Albuquerque-NM,2023-11-11T03:58:00-07:00,Cloudy,44,F
Albuquerque-NM,2023-11-11T02:58:00-07:00,Mostly cloudy,43,F
Albuquerque-NM,2023-11-11T01:58:00-07:00,Mostly cloudy,44,F
Albuquerque-NM,2023-11-11T00:58:00-07:00,Mostly cloudy,44,F
Albuquerque-NM,2023-11-11T23:58:00-07:00,Mostly cloudy,44,F
Albuquerque-NM,2023-11-11T22:58:00-07:00,Mostly cloudy,43,F
Albuquerque-NM,2023-11-12T00:00:00-07:00,Mostly clear,41,F
Albuquerque-NM,2023-11-12T01:00:00-07:00,Mostly clear,39,F
Albuquerque-NM,2023-11-12T02:00:00-07:00,Clear,38,F
Albuquerque-NM,2023-11-12T03:00:00-07:00,Clear,37,F
Albuquerque-NM,2023-11-12T04:00:00-07:00,Clear,35,F
Albuquerque-NM,2023-11-12T05:00:00-07:00,Mostly clear,34,F
Albuquerque-NM,2023-11-12T06:00:00-07:00,Clear,33,F
Albuquerque-NM,2023-11-12T07:00:00-07:00,Sunny,35,F
Albuquerque-NM,2023-11-12T08:00:00-07:00,Sunny,38,F
Albuquerque-NM,2023-11-12T09:00:00-07:00,Sunny,41,F
Albuquerque-NM,2023-11-12T10:00:00-07:00,Sunny,46,F
Albuquerque-NM,2023-11-12T11:00:00-07:00,Sunny,50,F
Albuquerque-NM,2023-11-12T12:00:00-07:00,Mostly sunny,52,F
Albuquerque-NM,2023-11-12T13:00:00-07:00,Mostly sunny,54,F
Albuquerque-NM,2023-11-12T14:00:00-07:00,Sunny,57,F
Albuquerque-NM,2023-11-12T15:00:00-07:00,Sunny,59,F
Albuquerque-NM,2023-11-12T16:00:00-07:00,Sunny,61,F
Albuquerque-NM,2023-11-12T17:00:00-07:00,Sunny,59,F
Albuquerque-NM,2023-11-12T18:00:00-07:00,Clear,56,F
Albuquerque-NM,2023-11-12T19:00:00-07:00,Clear,52,F
Albuquerque-NM,2023-11-12T20:00:00-07:00,Clear,49,F
Albuquerque-NM,2023-11-12T21:00:00-07:00,Clear,48,F
Albuquerque-NM,2023-11-12T22:00:00-07:00,Clear,47,F
Albuquerque-NM,2023-11-12T23:00:00-07:00,Clear,46,F
LasCruces-NM,2023-11-11T21:58:00-07:00,Clear,48,F
LasCruces-NM,2023-11-11T20:58:00-07:00,Clear,49,F
LasCruces-NM,2023-11-11T19:58:00-07:00,Clear,51,F
LasCruces-NM,2023-11-11T18:59:00-07:00,Clear,55,F
LasCruces-NM,2023-11-11T17:58:00-07:00,Mostly clear,57,F
LasCruces-NM,2023-11-11T16:58:00-07:00,Mostly sunny,61,F
LasCruces-NM,2023-11-11T15:58:00-07:00,Sunny,61,F
LasCruces-NM,2023-11-11T14:58:00-07:00,Sunny,62,F
LasCruces-NM,2023-11-11T13:58:00-07:00,Sunny,62,F
LasCruces-NM,2023-11-11T12:58:00-07:00,Mostly sunny,61,F
LasCruces-NM,2023-11-11T11:58:00-07:00,Mostly cloudy,55,F
LasCruces-NM,2023-11-11T10:58:00-07:00,Mostly cloudy,52,F
LasCruces-NM,2023-11-11T09:58:00-07:00,Mostly cloudy,50,F
LasCruces-NM,2023-11-11T08:58:00-07:00,Mostly cloudy,47,F
LasCruces-NM,2023-11-11T07:58:00-07:00,Mostly sunny,45,F
LasCruces-NM,2023-11-11T06:58:00-07:00,Mostly sunny,43,F
LasCruces-NM,2023-11-11T05:58:00-07:00,Mostly cloudy,43,F
LasCruces-NM,2023-11-11T04:58:00-07:00,Partly cloudy,45,F
LasCruces-NM,2023-11-11T03:58:00-07:00,Mostly cloudy,47,F
LasCruces-NM,2023-11-11T02:58:00-07:00,Cloudy,47,F
LasCruces-NM,2023-11-11T01:58:00-07:00,Cloudy,47,F
LasCruces-NM,2023-11-11T00:58:00-07:00,Cloudy,47,F
LasCruces-NM,2023-11-11T23:58:00-07:00,Cloudy,47,F
LasCruces-NM,2023-11-11T22:58:00-07:00,Mostly cloudy,48,F
LasCruces-NM,2023-11-12T00:00:00-07:00,Clear,45,F
LasCruces-NM,2023-11-12T01:00:00-07:00,Mostly clear,44,F
LasCruces-NM,2023-11-12T02:00:00-07:00,Mostly clear,42,F
LasCruces-NM,2023-11-12T03:00:00-07:00,Mostly clear,41,F
LasCruces-NM,2023-11-12T04:00:00-07:00,Mostly clear,40,F
LasCruces-NM,2023-11-12T05:00:00-07:00,Mostly clear,39,F
LasCruces-NM,2023-11-12T06:00:00-07:00,Mostly clear,38,F
LasCruces-NM,2023-11-12T07:00:00-07:00,Mostly sunny,40,F
LasCruces-NM,2023-11-12T08:00:00-07:00,Mostly sunny,45,F
LasCruces-NM,2023-11-12T09:00:00-07:00,Mostly sunny,50,F
LasCruces-NM,2023-11-12T10:00:00-07:00,Mostly sunny,55,F
LasCruces-NM,2023-11-12T11:00:00-07:00,Mostly sunny,58,F
LasCruces-NM,2023-11-12T12:00:00-07:00,Mostly sunny,61,F
LasCruces-NM,2023-11-12T13:00:00-07:00,Mostly sunny,63,F
LasCruces-NM,2023-11-12T14:00:00-07:00,Mostly sunny,65,F
LasCruces-NM,2023-11-12T15:00:00-07:00,Mostly sunny,67,F
LasCruces-NM,2023-11-12T16:00:00-07:00,Mostly sunny,65,F
LasCruces-NM,2023-11-12T17:00:00-07:00,Mostly sunny,62,F
LasCruces-NM,2023-11-12T18:00:00-07:00,Mostly clear,59,F
LasCruces-NM,2023-11-12T19:00:00-07:00,Mostly cloudy,55,F
LasCruces-NM,2023-11-12T20:00:00-07:00,Mostly cloudy,53,F
LasCruces-NM,2023-11-12T21:00:00-07:00,Mostly cloudy,50,F
LasCruces-NM,2023-11-12T22:00:00-07:00,Mostly cloudy,49,F
LasCruces-NM,2023-11-12T23:00:00-07:00,Cloudy,49,F
RioRancho-NM,2023-11-11T21:58:00-07:00,Clear,42,F
RioRancho-NM,2023-11-11T20:58:00-07:00,Clear,43,F
RioRancho-NM,2023-11-11T19:58:00-07:00,Clear,44,F
RioRancho-NM,2023-11-11T18:59:00-07:00,Clear,46,F
RioRancho-NM,2023-11-11T17:58:00-07:00,Clear,48,F
RioRancho-NM,2023-11-11T16:58:00-07:00,Sunny,51,F
RioRancho-NM,2023-11-11T15:58:00-07:00,Sunny,53,F
RioRancho-NM,2023-11-11T14:58:00-07:00,Sunny,54,F
RioRancho-NM,2023-11-11T13:58:00-07:00,Sunny,54,F
RioRancho-NM,2023-11-11T12:58:00-07:00,Mostly sunny,51,F
RioRancho-NM,2023-11-11T11:58:00-07:00,Partly sunny,51,F
RioRancho-NM,2023-11-11T10:58:00-07:00,Mostly cloudy,48,F
RioRancho-NM,2023-11-11T09:58:00-07:00,Sunny,47,F
RioRancho-NM,2023-11-11T08:58:00-07:00,Sunny,43,F
RioRancho-NM,2023-11-11T07:58:00-07:00,Mostly sunny,39,F
RioRancho-NM,2023-11-11T06:58:00-07:00,Mostly sunny,40,F
RioRancho-NM,2023-11-11T05:58:00-07:00,Mostly cloudy,41,F
RioRancho-NM,2023-11-11T04:58:00-07:00,Mostly cloudy,42,F
RioRancho-NM,2023-11-11T03:58:00-07:00,Mostly cloudy,42,F
RioRancho-NM,2023-11-11T02:58:00-07:00,Mostly cloudy,42,F
RioRancho-NM,2023-11-11T01:58:00-07:00,Mostly cloudy,42,F
RioRancho-NM,2023-11-11T00:58:00-07:00,Cloudy,42,F
RioRancho-NM,2023-11-11T23:58:00-07:00,Cloudy,42,F
RioRancho-NM,2023-11-11T22:58:00-07:00,Cloudy,42,F
RioRancho-NM,2023-11-12T00:00:00-07:00,Clear,37,F
RioRancho-NM,2023-11-12T01:00:00-07:00,Clear,35,F
RioRancho-NM,2023-11-12T02:00:00-07:00,Clear,34,F
RioRancho-NM,2023-11-12T03:00:00-07:00,Clear,33,F
RioRancho-NM,2023-11-12T04:00:00-07:00,Clear,31,F
RioRancho-NM,2023-11-12T05:00:00-07:00,Clear,30,F
RioRancho-NM,2023-11-12T06:00:00-07:00,Clear,29,F
RioRancho-NM,2023-11-12T07:00:00-07:00,Sunny,31,F
RioRancho-NM,2023-11-12T08:00:00-07:00,Sunny,35,F
RioRancho-NM,2023-11-12T09:00:00-07:00,Sunny,39,F
RioRancho-NM,2023-11-12T10:00:00-07:00,Sunny,47,F
RioRancho-NM,2023-11-12T11:00:00-07:00,Sunny,52,F
RioRancho-NM,2023-11-12T12:00:00-07:00,Sunny,57,F
RioRancho-NM,2023-11-12T13:00:00-07:00,Sunny,59,F
RioRancho-NM,2023-11-12T14:00:00-07:00,Sunny,62,F
RioRancho-NM,2023-11-12T15:00:00-07:00,Sunny,64,F
RioRancho-NM,2023-11-12T16:00:00-07:00,Sunny,62,F
RioRancho-NM,2023-11-12T17:00:00-07:00,Sunny,58,F
RioRancho-NM,2023-11-12T18:00:00-07:00,Clear,55,F
RioRancho-NM,2023-11-12T19:00:00-07:00,Clear,51,F
RioRancho-NM,2023-11-12T20:00:00-07:00,Clear,47,F
RioRancho-NM,2023-11-12T21:00:00-07:00,Clear,44,F
RioRancho-NM,2023-11-12T22:00:00-07:00,Clear,41,F
RioRancho-NM,2023-11-12T23:00:00-07:00,Clear,39,F
SantaFe-NM,2023-11-11T23:55:00-05:00,Cloudy,79,F
SantaFe-NM,2023-11-11T22:55:00-05:00,Cloudy,80,F
SantaFe-NM,2023-11-11T21:55:00-05:00,Cloudy,80,F
SantaFe-NM,2023-11-11T20:55:00-05:00,Cloudy,80,F
SantaFe-NM,2023-11-11T19:55:00-05:00,Cloudy,81,F
SantaFe-NM,2023-11-11T18:55:00-05:00,Cloudy,83,F
SantaFe-NM,2023-11-11T17:55:00-05:00,Cloudy,84,F
SantaFe-NM,2023-11-11T16:55:00-05:00,Cloudy,84,F
SantaFe-NM,2023-11-11T15:55:00-05:00,Cloudy,86,F
SantaFe-NM,2023-11-11T14:55:00-05:00,Cloudy,89,F
SantaFe-NM,2023-11-11T13:55:00-05:00,Cloudy,92,F
SantaFe-NM,2023-11-11T12:55:00-05:00,Cloudy,90,F
SantaFe-NM,2023-11-11T11:55:00-05:00,Cloudy,88,F
SantaFe-NM,2023-11-11T10:55:00-05:00,Cloudy,86,F
SantaFe-NM,2023-11-11T09:55:00-05:00,Cloudy,83,F
SantaFe-NM,2023-11-11T08:55:00-05:00,Cloudy,81,F
SantaFe-NM,2023-11-11T07:55:00-05:00,Cloudy,79,F
SantaFe-NM,2023-11-11T06:55:00-05:00,Cloudy,77,F
SantaFe-NM,2023-11-11T05:55:00-05:00,Cloudy,78,F
SantaFe-NM,2023-11-11T04:55:00-05:00,Cloudy,78,F
SantaFe-NM,2023-11-11T03:55:00-05:00,Cloudy,79,F
SantaFe-NM,2023-11-11T02:55:00-05:00,Cloudy,79,F
SantaFe-NM,2023-11-11T01:55:00-05:00,Cloudy,79,F
SantaFe-NM,2023-11-11T00:55:00-05:00,Cloudy,80,F
SantaFe-NM,2023-11-12T02:00:00-05:00,Cloudy,77,F
SantaFe-NM,2023-11-12T03:00:00-05:00,Cloudy,77,F
SantaFe-NM,2023-11-12T04:00:00-05:00,Cloudy,76,F
SantaFe-NM,2023-11-12T05:00:00-05:00,Cloudy,77,F
SantaFe-NM,2023-11-12T06:00:00-05:00,Cloudy,77,F
SantaFe-NM,2023-11-12T07:00:00-05:00,Cloudy,78,F
SantaFe-NM,2023-11-12T08:00:00-05:00,Cloudy,80,F
SantaFe-NM,2023-11-12T09:00:00-05:00,Cloudy,83,F
SantaFe-NM,2023-11-12T10:00:00-05:00,Cloudy,86,F
SantaFe-NM,2023-11-12T11:00:00-05:00,Mostly cloudy,87,F
SantaFe-NM,2023-11-12T12:00:00-05:00,Intermittent clouds,89,F
SantaFe-NM,2023-11-12T13:00:00-05:00,Intermittent clouds,90,F
SantaFe-NM,2023-11-12T14:00:00-05:00,Intermittent clouds,89,F
SantaFe-NM,2023-11-12T15:00:00-05:00,Thunderstorms,87,F
SantaFe-NM,2023-11-12T16:00:00-05:00,Mostly cloudy,86,F
SantaFe-NM,2023-11-12T17:00:00-05:00,Rain,85,F
SantaFe-NM,2023-11-12T18:00:00-05:00,Cloudy,83,F
SantaFe-NM,2023-11-12T19:00:00-05:00,Rain,81,F
SantaFe-NM,2023-11-12T20:00:00-05:00,Cloudy,79,F
SantaFe-NM,2023-11-12T21:00:00-05:00,Cloudy,79,F
SantaFe-NM,2023-11-12T22:00:00-05:00,Cloudy,79,F
SantaFe-NM,2023-11-12T23:00:00-05:00,Cloudy,79,F
SantaFe-NM,2023-11-13T00:00:00-05:00,Cloudy,78,F
SantaFe-NM,2023-11-13T01:00:00-05:00,Cloudy,78,F
Roswell-NM,2023-11-11T23:58:00-05:00,Mostly cloudy,49,F
Roswell-NM,2023-11-11T22:58:00-05:00,Light rain,49,F
Roswell-NM,2023-11-11T21:58:00-05:00,Light rain,50,F
Roswell-NM,2023-11-11T20:59:00-05:00,Cloudy,50,F
Roswell-NM,2023-11-11T19:58:00-05:00,Light rain,51,F
Roswell-NM,2023-11-11T18:58:00-05:00,Light rain,52,F
Roswell-NM,2023-11-11T17:58:00-05:00,Cloudy,53,F
Roswell-NM,2023-11-11T16:58:00-05:00,Cloudy,52,F
Roswell-NM,2023-11-11T15:58:00-05:00,Cloudy,51,F
Roswell-NM,2023-11-11T14:58:00-05:00,Cloudy,52,F
Roswell-NM,2023-11-11T13:58:00-05:00,Cloudy,52,F
Roswell-NM,2023-11-11T12:58:00-05:00,Light rain,52,F
Roswell-NM,2023-11-11T11:58:00-05:00,Light rain,51,F
Roswell-NM,2023-11-11T10:58:00-05:00,Light rain,50,F
Roswell-NM,2023-11-11T09:58:00-05:00,Light rain,49,F
Roswell-NM,2023-11-11T08:58:00-05:00,Light rain,49,F
Roswell-NM,2023-11-11T07:58:00-05:00,Light rain,50,F
Roswell-NM,2023-11-11T06:58:00-05:00,Light rain,51,F
Roswell-NM,2023-11-11T05:58:00-05:00,Rain,51,F
Roswell-NM,2023-11-11T04:58:00-05:00,Rain,52,F
Roswell-NM,2023-11-11T03:58:00-05:00,Light rain,53,F
Roswell-NM,2023-11-11T02:58:00-05:00,Rain,53,F
Roswell-NM,2023-11-11T01:58:00-05:00,Light rain,52,F
Roswell-NM,2023-11-11T00:58:00-05:00,Rain,54,F
Roswell-NM,2023-11-12T02:00:00-05:00,Light rain,49,F
Roswell-NM,2023-11-12T03:00:00-05:00,Light rain,49,F
Roswell-NM,2023-11-12T04:00:00-05:00,Cloudy,49,F
Roswell-NM,2023-11-12T05:00:00-05:00,Light rain,49,F
Roswell-NM,2023-11-12T06:00:00-05:00,Light rain,49,F
Roswell-NM,2023-11-12T07:00:00-05:00,Cloudy,48,F
Roswell-NM,2023-11-12T08:00:00-05:00,Light rain,48,F
Roswell-NM,2023-11-12T09:00:00-05:00,Cloudy,50,F
Roswell-NM,2023-11-12T10:00:00-05:00,Cloudy,51,F
Roswell-NM,2023-11-12T11:00:00-05:00,Cloudy,52,F
Roswell-NM,2023-11-12T12:00:00-05:00,Cloudy,54,F
Roswell-NM,2023-11-12T13:00:00-05:00,Cloudy,56,F
Roswell-NM,2023-11-12T14:00:00-05:00,Cloudy,59,F
Roswell-NM,2023-11-12T15:00:00-05:00,Cloudy,60,F
Roswell-NM,2023-11-12T16:00:00-05:00,Cloudy,61,F
Roswell-NM,2023-11-12T17:00:00-05:00,Cloudy,59,F
Roswell-NM,2023-11-12T18:00:00-05:00,Cloudy,57,F
Roswell-NM,2023-11-12T19:00:00-05:00,Mostly clear,55,F
Roswell-NM,2023-11-12T20:00:00-05:00,Mostly clear,53,F
Roswell-NM,2023-11-12T21:00:00-05:00,Mostly clear,52,F
Roswell-NM,2023-11-12T22:00:00-05:00,Mostly clear,52,F
Roswell-NM,2023-11-12T23:00:00-05:00,Mostly clear,51,F
Roswell-NM,2023-11-13T00:00:00-05:00,Mostly clear,50,F
Roswell-NM,2023-11-13T01:00:00-05:00,Mostly clear,49,F
SaltLakeCity-UT,2023-11-11T21:58:00-07:00,Partly cloudy,42,F
SaltLakeCity-UT,2023-11-11T20:58:00-07:00,Mostly cloudy,43,F
SaltLakeCity-UT,2023-11-11T19:58:00-07:00,Clear,44,F
SaltLakeCity-UT,2023-11-11T18:59:00-07:00,Cloudy,48,F
SaltLakeCity-UT,2023-11-11T17:58:00-07:00,Cloudy,49,F
SaltLakeCity-UT,2023-11-11T16:58:00-07:00,Mostly sunny,53,F
SaltLakeCity-UT,2023-11-11T15:58:00-07:00,Sunny,53,F
SaltLakeCity-UT,2023-11-11T14:58:00-07:00,Sunny,53,F
SaltLakeCity-UT,2023-11-11T13:58:00-07:00,Mostly sunny,52,F
SaltLakeCity-UT,2023-11-11T12:58:00-07:00,Sunny,50,F
SaltLakeCity-UT,2023-11-11T11:58:00-07:00,Sunny,46,F
SaltLakeCity-UT,2023-11-11T10:58:00-07:00,Sunny,43,F
SaltLakeCity-UT,2023-11-11T09:58:00-07:00,Cloudy,40,F
SaltLakeCity-UT,2023-11-11T08:58:00-07:00,Cloudy,35,F
SaltLakeCity-UT,2023-11-11T07:58:00-07:00,Mostly cloudy,31,F
SaltLakeCity-UT,2023-11-11T06:58:00-07:00,Partly cloudy,33,F
SaltLakeCity-UT,2023-11-11T05:58:00-07:00,Mostly cloudy,32,F
SaltLakeCity-UT,2023-11-11T04:58:00-07:00,Partly cloudy,32,F
SaltLakeCity-UT,2023-11-11T03:58:00-07:00,Partly cloudy,35,F
SaltLakeCity-UT,2023-11-11T02:58:00-07:00,Mostly clear,33,F
SaltLakeCity-UT,2023-11-11T01:58:00-07:00,Mostly clear,34,F
SaltLakeCity-UT,2023-11-11T00:58:00-07:00,Partly cloudy,34,F
SaltLakeCity-UT,2023-11-11T23:58:00-07:00,Mostly clear,36,F
SaltLakeCity-UT,2023-11-11T22:58:00-07:00,Mostly clear,38,F
SaltLakeCity-UT,2023-11-12T00:00:00-07:00,Clear,37,F
SaltLakeCity-UT,2023-11-12T01:00:00-07:00,Clear,36,F
SaltLakeCity-UT,2023-11-12T02:00:00-07:00,Mostly clear,36,F
SaltLakeCity-UT,2023-11-12T03:00:00-07:00,Mostly clear,35,F
SaltLakeCity-UT,2023-11-12T04:00:00-07:00,Mostly clear,35,F
SaltLakeCity-UT,2023-11-12T05:00:00-07:00,Mostly clear,34,F
SaltLakeCity-UT,2023-11-12T06:00:00-07:00,Mostly clear,35,F
SaltLakeCity-UT,2023-11-12T07:00:00-07:00,Mostly clear,36,F
SaltLakeCity-UT,2023-11-12T08:00:00-07:00,Mostly sunny,38,F
SaltLakeCity-UT,2023-11-12T09:00:00-07:00,Sunny,43,F
SaltLakeCity-UT,2023-11-12T10:00:00-07:00,Sunny,48,F
SaltLakeCity-UT,2023-11-12T11:00:00-07:00,Mostly sunny,52,F
SaltLakeCity-UT,2023-11-12T12:00:00-07:00,Mostly sunny,55,F
SaltLakeCity-UT,2023-11-12T13:00:00-07:00,Mostly sunny,58,F
SaltLakeCity-UT,2023-11-12T14:00:00-07:00,Mostly sunny,60,F
SaltLakeCity-UT,2023-11-12T15:00:00-07:00,Mostly sunny,61,F
SaltLakeCity-UT,2023-11-12T16:00:00-07:00,Mostly sunny,59,F
SaltLakeCity-UT,2023-11-12T17:00:00-07:00,Mostly sunny,56,F
SaltLakeCity-UT,2023-11-12T18:00:00-07:00,Mostly clear,53,F
SaltLakeCity-UT,2023-11-12T19:00:00-07:00,Partly cloudy,50,F
SaltLakeCity-UT,2023-11-12T20:00:00-07:00,Partly cloudy,49,F
SaltLakeCity-UT,2023-11-12T21:00:00-07:00,Partly cloudy,47,F
SaltLakeCity-UT,2023-11-12T22:00:00-07:00,Partly cloudy,47,F
SaltLakeCity-UT,2023-11-12T23:00:00-07:00,Partly cloudy,46,F
RockSprings-WY,2023-11-11T02:00:00-05:00,Mostly cloudy w/ flurries,32,F
RockSprings-WY,2023-11-11T03:00:00-05:00,Intermittent clouds,31,F
RockSprings-WY,2023-11-11T04:00:00-05:00,Intermittent clouds,30,F
RockSprings-WY,2023-11-11T05:00:00-05:00,Mostly cloudy w/ flurries,29,F
RockSprings-WY,2023-11-11T06:00:00-05:00,Intermittent clouds,28,F
RockSprings-WY,2023-11-11T07:00:00-05:00,Mostly sunny,28,F
RockSprings-WY,2023-11-11T08:00:00-05:00,Mostly sunny,29,F
RockSprings-WY,2023-11-11T09:00:00-05:00,Mostly sunny,31,F
RockSprings-WY,2023-11-11T10:00:00-05:00,Mostly sunny,33,F
RockSprings-WY,2023-11-11T11:00:00-05:00,Partly sunny,34,F
RockSprings-WY,2023-11-11T12:00:00-05:00,Partly sunny,35,F
RockSprings-WY,2023-11-11T13:00:00-05:00,Partly sunny,36,F
RockSprings-WY,2023-11-11T14:00:00-05:00,Intermittent clouds,37,F
RockSprings-WY,2023-11-11T15:00:00-05:00,Partly sunny,36,F
RockSprings-WY,2023-11-11T16:00:00-05:00,Partly sunny,34,F
RockSprings-WY,2023-11-11T17:00:00-05:00,Partly cloudy,32,F
RockSprings-WY,2023-11-11T18:00:00-05:00,Partly cloudy,31,F
RockSprings-WY,2023-11-11T19:00:00-05:00,Mostly clear,30,F
RockSprings-WY,2023-11-11T20:00:00-05:00,Mostly clear,29,F
RockSprings-WY,2023-11-11T21:00:00-05:00,Clear,28,F
RockSprings-WY,2023-11-11T22:00:00-05:00,Clear,27,F
RockSprings-WY,2023-11-11T23:00:00-05:00,Clear,26,F
RockSprings-WY,2023-11-12T00:00:00-05:00,Clear,26,F
RockSprings-WY,2023-11-12T01:00:00-05:00,Mostly clear,25,F
RockSprings-WY,2023-11-12T02:00:00-05:00,Mostly clear,29,F
RockSprings-WY,2023-11-12T03:00:00-05:00,Clear,27,F
RockSprings-WY,2023-11-12T04:00:00-05:00,Clear,26,F
RockSprings-WY,2023-11-12T05:00:00-05:00,Mostly clear,24,F
RockSprings-WY,2023-11-12T06:00:00-05:00,Mostly clear,23,F
RockSprings-WY,2023-11-12T07:00:00-05:00,Mostly sunny,25,F
RockSprings-WY,2023-11-12T08:00:00-05:00,Mostly sunny,27,F
RockSprings-WY,2023-11-12T09:00:00-05:00,Mostly sunny,30,F
RockSprings-WY,2023-11-12T10:00:00-05:00,Mostly sunny,32,F
RockSprings-WY,2023-11-12T11:00:00-05:00,Mostly sunny,34,F
RockSprings-WY,2023-11-12T12:00:00-05:00,Mostly sunny,35,F
RockSprings-WY,2023-11-12T13:00:00-05:00,Mostly sunny,36,F
RockSprings-WY,2023-11-12T14:00:00-05:00,Sunny,39,F
RockSprings-WY,2023-11-12T15:00:00-05:00,Sunny,39,F
RockSprings-WY,2023-11-12T16:00:00-05:00,Sunny,37,F
RockSprings-WY,2023-11-12T17:00:00-05:00,Clear,34,F
RockSprings-WY,2023-11-12T18:00:00-05:00,Clear,31,F
RockSprings-WY,2023-11-12T19:00:00-05:00,Clear,29,F
RockSprings-WY,2023-11-12T20:00:00-05:00,Clear,28,F
RockSprings-WY,2023-11-12T21:00:00-05:00,Mostly clear,27,F
RockSprings-WY,2023-11-12T22:00:00-05:00,Mostly clear,26,F
RockSprings-WY,2023-11-12T23:00:00-05:00,Mostly clear,26,F
RockSprings-WY,2023-11-13T00:00:00-05:00,Partly cloudy,26,F
RockSprings-WY,2023-11-13T01:00:00-05:00,Partly cloudy,26,F
GreenRiver-WY,2023-11-11T17:00:00+10:00,Cloudy,96,F
GreenRiver-WY,2023-11-11T18:00:00+10:00,Cloudy,92,F
GreenRiver-WY,2023-11-11T19:00:00+10:00,Cloudy,89,F
GreenRiver-WY,2023-11-11T20:00:00+10:00,Thunderstorms,84,F
GreenRiver-WY,2023-11-11T21:00:00+10:00,Cloudy,81,F
GreenRiver-WY,2023-11-11T22:00:00+10:00,Cloudy,78,F
GreenRiver-WY,2023-11-11T23:00:00+10:00,Cloudy,76,F
GreenRiver-WY,2023-11-12T00:00:00+10:00,Cloudy,76,F
GreenRiver-WY,2023-11-12T01:00:00+10:00,Cloudy,75,F
GreenRiver-WY,2023-11-12T02:00:00+10:00,Cloudy,75,F
GreenRiver-WY,2023-11-12T03:00:00+10:00,Cloudy,75,F
GreenRiver-WY,2023-11-12T04:00:00+10:00,Cloudy,75,F
GreenRiver-WY,2023-11-12T05:00:00+10:00,Cloudy,74,F
GreenRiver-WY,2023-11-12T06:00:00+10:00,Cloudy,73,F
GreenRiver-WY,2023-11-12T07:00:00+10:00,Cloudy,75,F
GreenRiver-WY,2023-11-12T08:00:00+10:00,Cloudy,78,F
GreenRiver-WY,2023-11-12T09:00:00+10:00,Cloudy,82,F
GreenRiver-WY,2023-11-12T10:00:00+10:00,Cloudy,85,F
GreenRiver-WY,2023-11-12T11:00:00+10:00,Mostly cloudy,88,F
GreenRiver-WY,2023-11-12T12:00:00+10:00,Intermittent clouds,91,F
GreenRiver-WY,2023-11-12T13:00:00+10:00,Partly sunny,93,F
GreenRiver-WY,2023-11-12T14:00:00+10:00,Partly sunny,96,F
GreenRiver-WY,2023-11-12T15:00:00+10:00,Intermittent clouds,98,F
GreenRiver-WY,2023-11-12T16:00:00+10:00,Mostly cloudy w/ t-storms,96,F
GreenRiver-WY,2023-11-12T17:00:00+10:00,Intermittent clouds,96,F
GreenRiver-WY,2023-11-12T18:00:00+10:00,Intermittent clouds,91,F
GreenRiver-WY,2023-11-12T19:00:00+10:00,Partly cloudy,88,F
GreenRiver-WY,2023-11-12T20:00:00+10:00,Intermittent clouds,85,F
GreenRiver-WY,2023-11-12T21:00:00+10:00,Intermittent clouds,82,F
GreenRiver-WY,2023-11-12T22:00:00+10:00,Mostly cloudy,80,F
GreenRiver-WY,2023-11-12T23:00:00+10:00,Thunderstorms,78,F
GreenRiver-WY,2023-11-13T00:00:00+10:00,Thunderstorms,78,F
GreenRiver-WY,2023-11-13T01:00:00+10:00,Cloudy,77,F
GreenRiver-WY,2023-11-13T02:00:00+10:00,Cloudy,76,F
GreenRiver-WY,2023-11-13T03:00:00+10:00,Cloudy,75,F
GreenRiver-WY,2023-11-13T04:00:00+10:00,Cloudy,74,F
GreenRiver-WY,2023-11-13T05:00:00+10:00,Mostly cloudy,73,F
GreenRiver-WY,2023-11-13T06:00:00+10:00,Intermittent clouds,74,F
GreenRiver-WY,2023-11-13T07:00:00+10:00,Intermittent clouds,75,F
GreenRiver-WY,2023-11-13T08:00:00+10:00,Intermittent clouds,77,F
GreenRiver-WY,2023-11-13T09:00:00+10:00,Intermittent clouds,80,F
GreenRiver-WY,2023-11-13T10:00:00+10:00,Intermittent clouds,83,F
GreenRiver-WY,2023-11-13T11:00:00+10:00,Mostly cloudy,86,F
GreenRiver-WY,2023-11-13T12:00:00+10:00,Mostly cloudy,89,F
GreenRiver-WY,2023-11-13T13:00:00+10:00,Cloudy,92,F
GreenRiver-WY,2023-11-13T14:00:00+10:00,Mostly cloudy,94,F
GreenRiver-WY,2023-11-13T15:00:00+10:00,Intermittent clouds,95,F
GreenRiver-WY,2023-11-13T16:00:00+10:00,Partly sunny,93,F
Evanston-WY,2023-11-11T01:00:00-06:00,Mostly clear,32,F
Evanston-WY,2023-11-11T02:00:00-06:00,Mostly clear,32,F
Evanston-WY,2023-11-11T03:00:00-06:00,Mostly clear,33,F
Evanston-WY,2023-11-11T04:00:00-06:00,Mostly clear,35,F
Evanston-WY,2023-11-11T05:00:00-06:00,Mostly clear,36,F
Evanston-WY,2023-11-11T06:00:00-06:00,Mostly clear,38,F
Evanston-WY,2023-11-11T07:00:00-06:00,Sunny,40,F
Evanston-WY,2023-11-11T08:00:00-06:00,Sunny,41,F
Evanston-WY,2023-11-11T09:00:00-06:00,Sunny,42,F
Evanston-WY,2023-11-11T10:00:00-06:00,Sunny,44,F
Evanston-WY,2023-11-11T11:00:00-06:00,Sunny,46,F
Evanston-WY,2023-11-11T12:00:00-06:00,Sunny,47,F
Evanston-WY,2023-11-11T13:00:00-06:00,Mostly sunny,50,F
Evanston-WY,2023-11-11T14:00:00-06:00,Partly sunny,51,F
Evanston-WY,2023-11-11T15:00:00-06:00,Partly sunny,50,F
Evanston-WY,2023-11-11T16:00:00-06:00,Partly sunny,49,F
Evanston-WY,2023-11-11T17:00:00-06:00,Partly cloudy,48,F
Evanston-WY,2023-11-11T18:00:00-06:00,Partly cloudy,48,F
Evanston-WY,2023-11-11T19:00:00-06:00,Intermittent clouds,47,F
Evanston-WY,2023-11-11T20:00:00-06:00,Intermittent clouds,47,F
Evanston-WY,2023-11-11T21:00:00-06:00,Intermittent clouds,47,F
Evanston-WY,2023-11-11T22:00:00-06:00,Intermittent clouds,46,F
Evanston-WY,2023-11-11T23:00:00-06:00,Intermittent clouds,46,F
Evanston-WY,2023-11-12T00:00:00-06:00,Intermittent clouds,46,F
Evanston-WY,2023-11-12T01:00:00-06:00,Mostly cloudy,44,F
Evanston-WY,2023-11-12T02:00:00-06:00,Intermittent clouds,44,F
Evanston-WY,2023-11-12T03:00:00-06:00,Intermittent clouds,44,F
Evanston-WY,2023-11-12T04:00:00-06:00,Intermittent clouds,45,F
Evanston-WY,2023-11-12T05:00:00-06:00,Partly cloudy,45,F
Evanston-WY,2023-11-12T06:00:00-06:00,Partly cloudy,44,F
Evanston-WY,2023-11-12T07:00:00-06:00,Mostly sunny,45,F
Evanston-WY,2023-11-12T08:00:00-06:00,Mostly sunny,45,F
Evanston-WY,2023-11-12T09:00:00-06:00,Mostly sunny,47,F
Evanston-WY,2023-11-12T10:00:00-06:00,Mostly sunny,50,F
Evanston-WY,2023-11-12T11:00:00-06:00,Mostly sunny,52,F
Evanston-WY,2023-11-12T12:00:00-06:00,Mostly sunny,54,F
Evanston-WY,2023-11-12T13:00:00-06:00,Sunny,56,F
Evanston-WY,2023-11-12T14:00:00-06:00,Sunny,57,F
Evanston-WY,2023-11-12T15:00:00-06:00,Sunny,58,F
Evanston-WY,2023-11-12T16:00:00-06:00,Sunny,57,F
Evanston-WY,2023-11-12T17:00:00-06:00,Clear,55,F
Evanston-WY,2023-11-12T18:00:00-06:00,Clear,54,F
Evanston-WY,2023-11-12T19:00:00-06:00,Clear,54,F
Evanston-WY,2023-11-12T20:00:00-06:00,Clear,53,F
Evanston-WY,2023-11-12T21:00:00-06:00,Clear,52,F
Evanston-WY,2023-11-12T22:00:00-06:00,Clear,52,F
Evanston-WY,2023-11-12T23:00:00-06:00,Clear,51,F
Evanston-WY,2023-11-13T00:00:00-06:00,Clear,51,F
Lander-WY,2023-11-11T00:00:00-07:00,Mostly clear,27,F
Lander-WY,2023-11-11T01:00:00-07:00,Mostly clear,27,F
Lander-WY,2023-11-11T02:00:00-07:00,Clear,26,F
Lander-WY,2023-11-11T03:00:00-07:00,Clear,26,F
Lander-WY,2023-11-11T04:00:00-07:00,Mostly clear,26,F
Lander-WY,2023-11-11T05:00:00-07:00,Mostly clear,26,F
Lander-WY,2023-11-11T06:00:00-07:00,Partly cloudy,27,F
Lander-WY,2023-11-11T07:00:00-07:00,Mostly cloudy,28,F
Lander-WY,2023-11-11T08:00:00-07:00,Cloudy,29,F
Lander-WY,2023-11-11T09:00:00-07:00,Cloudy,33,F
Lander-WY,2023-11-11T10:00:00-07:00,Cloudy,37,F
Lander-WY,2023-11-11T11:00:00-07:00,Cloudy,40,F
Lander-WY,2023-11-11T12:00:00-07:00,Intermittent clouds,44,F
Lander-WY,2023-11-11T13:00:00-07:00,Intermittent clouds,47,F
Lander-WY,2023-11-11T14:00:00-07:00,Intermittent clouds,50,F
Lander-WY,2023-11-11T15:00:00-07:00,Intermittent clouds,49,F
Lander-WY,2023-11-11T16:00:00-07:00,Intermittent clouds,47,F
Lander-WY,2023-11-11T17:00:00-07:00,Intermittent clouds,44,F
Lander-WY,2023-11-11T18:00:00-07:00,Mostly cloudy,43,F
Lander-WY,2023-11-11T19:00:00-07:00,Intermittent clouds,42,F
Lander-WY,2023-11-11T20:00:00-07:00,Intermittent clouds,42,F
Lander-WY,2023-11-11T21:00:00-07:00,Partly cloudy,40,F
Lander-WY,2023-11-11T22:00:00-07:00,Partly cloudy,39,F
Lander-WY,2023-11-11T23:00:00-07:00,Partly cloudy,38,F
Lander-WY,2023-11-12T00:00:00-07:00,Mostly cloudy,41,F
Lander-WY,2023-11-12T01:00:00-07:00,Partly cloudy,39,F
Lander-WY,2023-11-12T02:00:00-07:00,Mostly clear,37,F
Lander-WY,2023-11-12T03:00:00-07:00,Mostly clear,36,F
Lander-WY,2023-11-12T04:00:00-07:00,Mostly clear,34,F
Lander-WY,2023-11-12T05:00:00-07:00,Mostly clear,33,F
Lander-WY,2023-11-12T06:00:00-07:00,Mostly clear,31,F
Lander-WY,2023-11-12T07:00:00-07:00,Mostly clear,32,F
Lander-WY,2023-11-12T08:00:00-07:00,Mostly sunny,33,F
Lander-WY,2023-11-12T09:00:00-07:00,Mostly sunny,35,F
Lander-WY,2023-11-12T10:00:00-07:00,Mostly sunny,39,F
Lander-WY,2023-11-12T11:00:00-07:00,Mostly sunny,43,F
Lander-WY,2023-11-12T12:00:00-07:00,Partly sunny,49,F
Lander-WY,2023-11-12T13:00:00-07:00,Mostly sunny,50,F
Lander-WY,2023-11-12T14:00:00-07:00,Mostly sunny,51,F
Lander-WY,2023-11-12T15:00:00-07:00,Mostly sunny,52,F
Lander-WY,2023-11-12T16:00:00-07:00,Mostly sunny,50,F
Lander-WY,2023-11-12T17:00:00-07:00,Mostly clear,47,F
Lander-WY,2023-11-12T18:00:00-07:00,Mostly clear,43,F
Lander-WY,2023-11-12T19:00:00-07:00,Mostly clear,41,F
Lander-WY,2023-11-12T20:00:00-07:00,Mostly clear,38,F
Lander-WY,2023-11-12T21:00:00-07:00,Mostly clear,38,F
Lander-WY,2023-11-12T22:00:00-07:00,Mostly clear,37,F
Lander-WY,2023-11-12T23:00:00-07:00,Mostly clear,35,F
Rawlins-WY,2023-11-11T03:00:00-04:00,Cloudy,80,F
Rawlins-WY,2023-11-11T04:00:00-04:00,Cloudy,79,F
Rawlins-WY,2023-11-11T05:00:00-04:00,Showers,78,F
Rawlins-WY,2023-11-11T06:00:00-04:00,Mostly cloudy,79,F
Rawlins-WY,2023-11-11T07:00:00-04:00,Intermittent clouds,80,F
Rawlins-WY,2023-11-11T08:00:00-04:00,Intermittent clouds,81,F
Rawlins-WY,2023-11-11T09:00:00-04:00,Intermittent clouds,83,F
Rawlins-WY,2023-11-11T10:00:00-04:00,Partly sunny,84,F
Rawlins-WY,2023-11-11T11:00:00-04:00,Partly sunny,85,F
Rawlins-WY,2023-11-11T12:00:00-04:00,Partly sunny,87,F
Rawlins-WY,2023-11-11T13:00:00-04:00,Mostly cloudy w/ showers,85,F
Rawlins-WY,2023-11-11T14:00:00-04:00,Mostly cloudy w/ showers,85,F
Rawlins-WY,2023-11-11T15:00:00-04:00,Mostly cloudy,86,F
Rawlins-WY,2023-11-11T16:00:00-04:00,Mostly cloudy,85,F
Rawlins-WY,2023-11-11T17:00:00-04:00,Showers,84,F
Rawlins-WY,2023-11-11T18:00:00-04:00,Mostly cloudy,84,F
Rawlins-WY,2023-11-11T19:00:00-04:00,Intermittent clouds,83,F
Rawlins-WY,2023-11-11T20:00:00-04:00,Partly cloudy,83,F
Rawlins-WY,2023-11-11T21:00:00-04:00,Mostly clear,82,F
Rawlins-WY,2023-11-11T22:00:00-04:00,Mostly clear,82,F
Rawlins-WY,2023-11-11T23:00:00-04:00,Mostly clear,82,F
Rawlins-WY,2023-11-12T00:00:00-04:00,Mostly clear,81,F
Rawlins-WY,2023-11-12T01:00:00-04:00,Mostly clear,81,F
Rawlins-WY,2023-11-12T02:00:00-04:00,Mostly clear,80,F
Rawlins-WY,2023-11-12T03:00:00-04:00,Mostly clear,80,F
Rawlins-WY,2023-11-12T04:00:00-04:00,Mostly clear,79,F
Rawlins-WY,2023-11-12T05:00:00-04:00,Intermittent clouds,80,F
Rawlins-WY,2023-11-12T06:00:00-04:00,Mostly clear,81,F
Rawlins-WY,2023-11-12T07:00:00-04:00,Mostly sunny,82,F
Rawlins-WY,2023-11-12T08:00:00-04:00,Mostly sunny,83,F
Rawlins-WY,2023-11-12T09:00:00-04:00,Mostly sunny,84,F
Rawlins-WY,2023-11-12T10:00:00-04:00,Mostly sunny,86,F
Rawlins-WY,2023-11-12T11:00:00-04:00,Mostly sunny,87,F
Rawlins-WY,2023-11-12T12:00:00-04:00,Sunny,88,F
Rawlins-WY,2023-11-12T13:00:00-04:00,Sunny,87,F
Rawlins-WY,2023-11-12T14:00:00-04:00,Sunny,86,F
Rawlins-WY,2023-11-12T15:00:00-04:00,Mostly sunny,87,F
Rawlins-WY,2023-11-12T16:00:00-04:00,Mostly sunny,86,F
Rawlins-WY,2023-11-12T17:00:00-04:00,Mostly sunny,85,F
Rawlins-WY,2023-11-12T18:00:00-04:00,Clear,84,F
Rawlins-WY,2023-11-12T19:00:00-04:00,Mostly clear,83,F
Rawlins-WY,2023-11-12T20:00:00-04:00,Mostly clear,83,F
Rawlins-WY,2023-11-12T21:00:00-04:00,Mostly clear,82,F
Rawlins-WY,2023-11-12T22:00:00-04:00,Mostly clear,81,F
Rawlins-WY,2023-11-12T23:00:00-04:00,Mostly clear,81,F
Rawlins-WY,2023-11-13T00:00:00-04:00,Mostly clear,81,F
Rawlins-WY,2023-11-13T01:00:00-04:00,Partly cloudy w/ showers,80,F
Rawlins-WY,2023-11-13T02:00:00-04:00,Mostly clear,80,F
Sheridan-WY,2023-11-11T02:00:00-05:00,Mostly cloudy,37,F
Sheridan-WY,2023-11-11T03:00:00-05:00,Mostly cloudy,36,F
Sheridan-WY,2023-11-11T04:00:00-05:00,Mostly cloudy,35,F
Sheridan-WY,2023-11-11T05:00:00-05:00,Mostly cloudy,35,F
Sheridan-WY,2023-11-11T06:00:00-05:00,Mostly cloudy,34,F
Sheridan-WY,2023-11-11T07:00:00-05:00,Clear,34,F
Sheridan-WY,2023-11-11T08:00:00-05:00,Sunny,35,F
Sheridan-WY,2023-11-11T09:00:00-05:00,Sunny,35,F
Sheridan-WY,2023-11-11T10:00:00-05:00,Mostly sunny,37,F
Sheridan-WY,2023-11-11T11:00:00-05:00,Partly sunny,39,F
Sheridan-WY,2023-11-11T12:00:00-05:00,Intermittent clouds,40,F
Sheridan-WY,2023-11-11T13:00:00-05:00,Cloudy,41,F
Sheridan-WY,2023-11-11T14:00:00-05:00,Mostly cloudy,43,F
Sheridan-WY,2023-11-11T15:00:00-05:00,Intermittent clouds,42,F
Sheridan-WY,2023-11-11T16:00:00-05:00,Mostly cloudy,41,F
Sheridan-WY,2023-11-11T17:00:00-05:00,Mostly cloudy,40,F
Sheridan-WY,2023-11-11T18:00:00-05:00,Mostly cloudy,39,F
Sheridan-WY,2023-11-11T19:00:00-05:00,Partly cloudy,39,F
Sheridan-WY,2023-11-11T20:00:00-05:00,Partly cloudy,37,F
Sheridan-WY,2023-11-11T21:00:00-05:00,Partly cloudy,36,F
Sheridan-WY,2023-11-11T22:00:00-05:00,Partly cloudy,35,F
Sheridan-WY,2023-11-11T23:00:00-05:00,Partly cloudy,34,F
Sheridan-WY,2023-11-12T00:00:00-05:00,Partly cloudy,34,F
Sheridan-WY,2023-11-12T01:00:00-05:00,Partly cloudy,33,F
Sheridan-WY,2023-11-12T02:00:00-05:00,Partly cloudy,34,F
Sheridan-WY,2023-11-12T03:00:00-05:00,Clear,33,F
Sheridan-WY,2023-11-12T04:00:00-05:00,Clear,33,F
Sheridan-WY,2023-11-12T05:00:00-05:00,Clear,33,F
Sheridan-WY,2023-11-12T06:00:00-05:00,Clear,32,F
Sheridan-WY,2023-11-12T07:00:00-05:00,Mostly cloudy,31,F
Sheridan-WY,2023-11-12T08:00:00-05:00,Mostly cloudy,32,F
Sheridan-WY,2023-11-12T09:00:00-05:00,Mostly cloudy,35,F
Sheridan-WY,2023-11-12T10:00:00-05:00,Mostly cloudy,37,F
Sheridan-WY,2023-11-12T11:00:00-05:00,Mostly cloudy,39,F
Sheridan-WY,2023-11-12T12:00:00-05:00,Mostly cloudy,41,F
Sheridan-WY,2023-11-12T13:00:00-05:00,Mostly cloudy,42,F
Sheridan-WY,2023-11-12T14:00:00-05:00,Intermittent clouds,43,F
Sheridan-WY,2023-11-12T15:00:00-05:00,Mostly cloudy,42,F
Sheridan-WY,2023-11-12T16:00:00-05:00,Mostly cloudy,40,F
Sheridan-WY,2023-11-12T17:00:00-05:00,Mostly cloudy,38,F
Sheridan-WY,2023-11-12T18:00:00-05:00,Mostly cloudy,38,F
Sheridan-WY,2023-11-12T19:00:00-05:00,Partly cloudy,37,F
Sheridan-WY,2023-11-12T20:00:00-05:00,Partly cloudy,37,F
Sheridan-WY,2023-11-12T21:00:00-05:00,Partly cloudy,36,F
Sheridan-WY,2023-11-12T22:00:00-05:00,Mostly clear,36,F
Sheridan-WY,2023-11-12T23:00:00-05:00,Partly cloudy,36,F
Sheridan-WY,2023-11-13T00:00:00-05:00,Partly cloudy,36,F
Sheridan-WY,2023-11-13T01:00:00-05:00,Partly cloudy,36,F
Adrian-OR,2023-11-11T02:00:00-05:00,Partly cloudy,38,F
Adrian-OR,2023-11-11T03:00:00-05:00,Clear,36,F
Adrian-OR,2023-11-11T04:00:00-05:00,Mostly clear,35,F
Adrian-OR,2023-11-11T05:00:00-05:00,Mostly clear,34,F
Adrian-OR,2023-11-11T06:00:00-05:00,Clear,33,F
Adrian-OR,2023-11-11T07:00:00-05:00,Partly cloudy,33,F
Adrian-OR,2023-11-11T08:00:00-05:00,Partly sunny,34,F
Adrian-OR,2023-11-11T09:00:00-05:00,Partly sunny,36,F
Adrian-OR,2023-11-11T10:00:00-05:00,Partly sunny,39,F
Adrian-OR,2023-11-11T11:00:00-05:00,Partly sunny,42,F
Adrian-OR,2023-11-11T12:00:00-05:00,Intermittent clouds,45,F
Adrian-OR,2023-11-11T13:00:00-05:00,Intermittent clouds,47,F
Adrian-OR,2023-11-11T14:00:00-05:00,Mostly sunny,48,F
Adrian-OR,2023-11-11T15:00:00-05:00,Mostly sunny,50,F
Adrian-OR,2023-11-11T16:00:00-05:00,Sunny,48,F
Adrian-OR,2023-11-11T17:00:00-05:00,Sunny,46,F
Adrian-OR,2023-11-11T18:00:00-05:00,Mostly clear,43,F
Adrian-OR,2023-11-11T19:00:00-05:00,Mostly clear,40,F
Adrian-OR,2023-11-11T20:00:00-05:00,Mostly clear,38,F
Adrian-OR,2023-11-11T21:00:00-05:00,Mostly clear,36,F
Adrian-OR,2023-11-11T22:00:00-05:00,Mostly clear,35,F
Adrian-OR,2023-11-11T23:00:00-05:00,Partly cloudy,35,F
Adrian-OR,2023-11-12T00:00:00-05:00,Partly cloudy,34,F
Adrian-OR,2023-11-12T01:00:00-05:00,Partly cloudy,33,F
Adrian-OR,2023-11-12T02:00:00-05:00,Partly cloudy,34,F
Adrian-OR,2023-11-12T03:00:00-05:00,Partly cloudy,33,F
Adrian-OR,2023-11-12T04:00:00-05:00,Partly cloudy,33,F
Adrian-OR,2023-11-12T05:00:00-05:00,Partly cloudy,32,F
Adrian-OR,2023-11-12T06:00:00-05:00,Partly cloudy,31,F
Adrian-OR,2023-11-12T07:00:00-05:00,Partly cloudy,32,F
Adrian-OR,2023-11-12T08:00:00-05:00,Partly sunny,34,F
Adrian-OR,2023-11-12T09:00:00-05:00,Partly sunny,36,F
Adrian-OR,2023-11-12T10:00:00-05:00,Partly sunny,42,F
Adrian-OR,2023-11-12T11:00:00-05:00,Partly sunny,44,F
Adrian-OR,2023-11-12T12:00:00-05:00,Partly sunny,47,F
Adrian-OR,2023-11-12T13:00:00-05:00,Sunny,50,F
Adrian-OR,2023-11-12T14:00:00-05:00,Sunny,53,F
Adrian-OR,2023-11-12T15:00:00-05:00,Sunny,54,F
Adrian-OR,2023-11-12T16:00:00-05:00,Sunny,52,F
Adrian-OR,2023-11-12T17:00:00-05:00,Sunny,49,F
Adrian-OR,2023-11-12T18:00:00-05:00,Clear,46,F
Adrian-OR,2023-11-12T19:00:00-05:00,Clear,43,F
Adrian-OR,2023-11-12T20:00:00-05:00,Clear,40,F
Adrian-OR,2023-11-12T21:00:00-05:00,Clear,40,F
Adrian-OR,2023-11-12T22:00:00-05:00,Clear,38,F
Adrian-OR,2023-11-12T23:00:00-05:00,Clear,38,F
Adrian-OR,2023-11-13T00:00:00-05:00,Mostly clear,37,F
Adrian-OR,2023-11-13T01:00:00-05:00,Clear,37,F
Bakerfield-CA,2023-11-11T18:00:00+11:00,Mostly sunny,64,F
Bakerfield-CA,2023-11-11T19:00:00+11:00,Sunny,61,F
Bakerfield-CA,2023-11-11T20:00:00+11:00,Sunny,59,F
Bakerfield-CA,2023-11-11T21:00:00+11:00,Clear,55,F
Bakerfield-CA,2023-11-11T22:00:00+11:00,Clear,54,F
Bakerfield-CA,2023-11-11T23:00:00+11:00,Clear,52,F
Bakerfield-CA,2023-11-12T00:00:00+11:00,Clear,51,F
Bakerfield-CA,2023-11-12T01:00:00+11:00,Clear,50,F
Bakerfield-CA,2023-11-12T02:00:00+11:00,Clear,49,F
Bakerfield-CA,2023-11-12T03:00:00+11:00,Clear,48,F
Bakerfield-CA,2023-11-12T04:00:00+11:00,Clear,47,F
Bakerfield-CA,2023-11-12T05:00:00+11:00,Clear,46,F
Bakerfield-CA,2023-11-12T06:00:00+11:00,Partly cloudy,48,F
Bakerfield-CA,2023-11-12T07:00:00+11:00,Intermittent clouds,49,F
Bakerfield-CA,2023-11-12T08:00:00+11:00,Cloudy,52,F
Bakerfield-CA,2023-11-12T09:00:00+11:00,Mostly cloudy,55,F
Bakerfield-CA,2023-11-12T10:00:00+11:00,Intermittent clouds,58,F
Bakerfield-CA,2023-11-12T11:00:00+11:00,Intermittent clouds,61,F
Bakerfield-CA,2023-11-12T12:00:00+11:00,Intermittent clouds,63,F
Bakerfield-CA,2023-11-12T13:00:00+11:00,Intermittent clouds,64,F
Bakerfield-CA,2023-11-12T14:00:00+11:00,Intermittent clouds,66,F
Bakerfield-CA,2023-11-12T15:00:00+11:00,Intermittent clouds,65,F
Bakerfield-CA,2023-11-12T16:00:00+11:00,Partly sunny,64,F
Bakerfield-CA,2023-11-12T17:00:00+11:00,Partly sunny,63,F
Bakerfield-CA,2023-11-12T18:00:00+11:00,Partly sunny,60,F
Bakerfield-CA,2023-11-12T19:00:00+11:00,Mostly sunny,58,F
Bakerfield-CA,2023-11-12T20:00:00+11:00,Partly sunny,58,F
Bakerfield-CA,2023-11-12T21:00:00+11:00,Partly cloudy,56,F
Bakerfield-CA,2023-11-12T22:00:00+11:00,Partly cloudy,54,F
Bakerfield-CA,2023-11-12T23:00:00+11:00,Intermittent clouds,54,F
Bakerfield-CA,2023-11-13T00:00:00+11:00,Intermittent clouds,52,F
Bakerfield-CA,2023-11-13T01:00:00+11:00,Intermittent clouds,51,F
Bakerfield-CA,2023-11-13T02:00:00+11:00,Partly cloudy,49,F
Bakerfield-CA,2023-11-13T03:00:00+11:00,Intermittent clouds,50,F
Bakerfield-CA,2023-11-13T04:00:00+11:00,Mostly cloudy,52,F
Bakerfield-CA,2023-11-13T05:00:00+11:00,Cloudy,52,F
Bakerfield-CA,2023-11-13T06:00:00+11:00,Cloudy,52,F
Bakerfield-CA,2023-11-13T07:00:00+11:00,Cloudy,52,F
Bakerfield-CA,2023-11-13T08:00:00+11:00,Cloudy,53,F
Bakerfield-CA,2023-11-13T09:00:00+11:00,Mostly cloudy,56,F
Bakerfield-CA,2023-11-13T10:00:00+11:00,Intermittent clouds,59,F
Bakerfield-CA,2023-11-13T11:00:00+11:00,Intermittent clouds,62,F
Bakerfield-CA,2023-11-13T12:00:00+11:00,Partly sunny,64,F
Bakerfield-CA,2023-11-13T13:00:00+11:00,Mostly sunny,65,F
Bakerfield-CA,2023-11-13T14:00:00+11:00,Sunny,66,F
Bakerfield-CA,2023-11-13T15:00:00+11:00,Sunny,68,F
Bakerfield-CA,2023-11-13T16:00:00+11:00,Mostly sunny,67,F
Bakerfield-CA,2023-11-13T17:00:00+11:00,Mostly sunny,67,F
Nyssa-OR,2023-11-11T00:00:00-07:00,Mostly cloudy,38,F
Nyssa-OR,2023-11-11T01:00:00-07:00,Intermittent clouds,39,F
Nyssa-OR,2023-11-11T02:00:00-07:00,Intermittent clouds,39,F
Nyssa-OR,2023-11-11T03:00:00-07:00,Intermittent clouds,39,F
Nyssa-OR,2023-11-11T04:00:00-07:00,Intermittent clouds,39,F
Nyssa-OR,2023-11-11T05:00:00-07:00,Intermittent clouds,39,F
Nyssa-OR,2023-11-11T06:00:00-07:00,Intermittent clouds,39,F
Nyssa-OR,2023-11-11T07:00:00-07:00,Partly cloudy,37,F
Nyssa-OR,2023-11-11T08:00:00-07:00,Partly sunny,35,F
Nyssa-OR,2023-11-11T09:00:00-07:00,Partly sunny,38,F
Nyssa-OR,2023-11-11T10:00:00-07:00,Partly sunny,43,F
Nyssa-OR,2023-11-11T11:00:00-07:00,Partly sunny,48,F
Nyssa-OR,2023-11-11T12:00:00-07:00,Intermittent clouds,52,F
Nyssa-OR,2023-11-11T13:00:00-07:00,Partly sunny,54,F
Nyssa-OR,2023-11-11T14:00:00-07:00,Partly sunny,56,F
Nyssa-OR,2023-11-11T15:00:00-07:00,Partly sunny,57,F
Nyssa-OR,2023-11-11T16:00:00-07:00,Partly sunny,58,F
Nyssa-OR,2023-11-11T17:00:00-07:00,Partly sunny,57,F
Nyssa-OR,2023-11-11T18:00:00-07:00,Partly cloudy,53,F
Nyssa-OR,2023-11-11T19:00:00-07:00,Partly cloudy,50,F
Nyssa-OR,2023-11-11T20:00:00-07:00,Partly cloudy,48,F
Nyssa-OR,2023-11-11T21:00:00-07:00,Partly cloudy,46,F
Nyssa-OR,2023-11-11T22:00:00-07:00,Mostly clear,44,F
Nyssa-OR,2023-11-11T23:00:00-07:00,Mostly clear,41,F
Nyssa-OR,2023-11-12T00:00:00-07:00,Partly cloudy,38,F
Nyssa-OR,2023-11-12T01:00:00-07:00,Partly cloudy,37,F
Nyssa-OR,2023-11-12T02:00:00-07:00,Partly cloudy,36,F
Nyssa-OR,2023-11-12T03:00:00-07:00,Partly cloudy,36,F
Nyssa-OR,2023-11-12T04:00:00-07:00,Partly cloudy,35,F
Nyssa-OR,2023-11-12T05:00:00-07:00,Partly cloudy,34,F
Nyssa-OR,2023-11-12T06:00:00-07:00,Partly cloudy,34,F
Nyssa-OR,2023-11-12T07:00:00-07:00,Partly cloudy,33,F
Nyssa-OR,2023-11-12T08:00:00-07:00,Partly sunny,34,F
Nyssa-OR,2023-11-12T09:00:00-07:00,Partly sunny,35,F
Nyssa-OR,2023-11-12T10:00:00-07:00,Mostly sunny,40,F
Nyssa-OR,2023-11-12T11:00:00-07:00,Mostly sunny,45,F
Nyssa-OR,2023-11-12T12:00:00-07:00,Partly sunny,49,F
Nyssa-OR,2023-11-12T13:00:00-07:00,Partly sunny,52,F
Nyssa-OR,2023-11-12T14:00:00-07:00,Intermittent clouds,54,F
Nyssa-OR,2023-11-12T15:00:00-07:00,Intermittent clouds,57,F
Nyssa-OR,2023-11-12T16:00:00-07:00,Mostly cloudy,55,F
Nyssa-OR,2023-11-12T17:00:00-07:00,Mostly cloudy,53,F
Nyssa-OR,2023-11-12T18:00:00-07:00,Cloudy,50,F
Nyssa-OR,2023-11-12T19:00:00-07:00,Partly cloudy,47,F
Nyssa-OR,2023-11-12T20:00:00-07:00,Partly cloudy,44,F
Nyssa-OR,2023-11-12T21:00:00-07:00,Partly cloudy,42,F
Nyssa-OR,2023-11-12T22:00:00-07:00,Partly cloudy,41,F
Nyssa-OR,2023-11-12T23:00:00-07:00,Partly cloudy,39,F
Owyhee-OR,2023-11-10T23:00:00-08:00,Mostly clear,35,F
Owyhee-OR,2023-11-11T00:00:00-08:00,Mostly clear,34,F
Owyhee-OR,2023-11-11T01:00:00-08:00,Mostly clear,34,F
Owyhee-OR,2023-11-11T02:00:00-08:00,Mostly clear,33,F
Owyhee-OR,2023-11-11T03:00:00-08:00,Mostly clear,33,F
Owyhee-OR,2023-11-11T04:00:00-08:00,Mostly clear,32,F
Owyhee-OR,2023-11-11T05:00:00-08:00,Mostly clear,32,F
Owyhee-OR,2023-11-11T06:00:00-08:00,Mostly clear,31,F
Owyhee-OR,2023-11-11T07:00:00-08:00,Intermittent clouds,33,F
Owyhee-OR,2023-11-11T08:00:00-08:00,Intermittent clouds,36,F
Owyhee-OR,2023-11-11T09:00:00-08:00,Partly sunny,42,F
Owyhee-OR,2023-11-11T10:00:00-08:00,Partly sunny,46,F
Owyhee-OR,2023-11-11T11:00:00-08:00,Mostly sunny,49,F
Owyhee-OR,2023-11-11T12:00:00-08:00,Mostly sunny,51,F
Owyhee-OR,2023-11-11T13:00:00-08:00,Partly sunny,52,F
Owyhee-OR,2023-11-11T14:00:00-08:00,Partly sunny,54,F
Owyhee-OR,2023-11-11T15:00:00-08:00,Partly sunny,52,F
Owyhee-OR,2023-11-11T16:00:00-08:00,Partly sunny,49,F
Owyhee-OR,2023-11-11T17:00:00-08:00,Partly cloudy,45,F
Owyhee-OR,2023-11-11T18:00:00-08:00,Partly cloudy,43,F
Owyhee-OR,2023-11-11T19:00:00-08:00,Partly cloudy,40,F
Owyhee-OR,2023-11-11T20:00:00-08:00,Mostly clear,38,F
Owyhee-OR,2023-11-11T21:00:00-08:00,Mostly clear,37,F
Owyhee-OR,2023-11-11T22:00:00-08:00,Clear,36,F
Owyhee-OR,2023-11-11T23:00:00-08:00,Clear,33,F
Owyhee-OR,2023-11-12T00:00:00-08:00,Clear,33,F
Owyhee-OR,2023-11-12T01:00:00-08:00,Clear,33,F
Owyhee-OR,2023-11-12T02:00:00-08:00,Mostly clear,32,F
Owyhee-OR,2023-11-12T03:00:00-08:00,Mostly clear,32,F
Owyhee-OR,2023-11-12T04:00:00-08:00,Mostly clear,32,F
Owyhee-OR,2023-11-12T05:00:00-08:00,Mostly clear,32,F
Owyhee-OR,2023-11-12T06:00:00-08:00,Partly cloudy,33,F
Owyhee-OR,2023-11-12T07:00:00-08:00,Mostly sunny,34,F
Owyhee-OR,2023-11-12T08:00:00-08:00,Mostly sunny,38,F
Owyhee-OR,2023-11-12T09:00:00-08:00,Mostly sunny,46,F
Owyhee-OR,2023-11-12T10:00:00-08:00,Mostly sunny,51,F
Owyhee-OR,2023-11-12T11:00:00-08:00,Sunny,55,F
Owyhee-OR,2023-11-12T12:00:00-08:00,Mostly sunny,59,F
Owyhee-OR,2023-11-12T13:00:00-08:00,Mostly sunny,61,F
Owyhee-OR,2023-11-12T14:00:00-08:00,Mostly sunny,59,F
Owyhee-OR,2023-11-12T15:00:00-08:00,Mostly sunny,57,F
Owyhee-OR,2023-11-12T16:00:00-08:00,Mostly sunny,54,F
Owyhee-OR,2023-11-12T17:00:00-08:00,Mostly clear,51,F
Owyhee-OR,2023-11-12T18:00:00-08:00,Mostly clear,49,F
Owyhee-OR,2023-11-12T19:00:00-08:00,Mostly clear,46,F
Owyhee-OR,2023-11-12T20:00:00-08:00,Mostly clear,44,F
Owyhee-OR,2023-11-12T21:00:00-08:00,Mostly clear,43,F
Owyhee-OR,2023-11-12T22:00:00-08:00,Mostly clear,42,F
Wiliston-ND,2023-11-11T01:00:00-06:00,Intermittent clouds,29,F
Wiliston-ND,2023-11-11T02:00:00-06:00,Intermittent clouds,28,F
Wiliston-ND,2023-11-11T03:00:00-06:00,Intermittent clouds,28,F
Wiliston-ND,2023-11-11T04:00:00-06:00,Intermittent clouds,27,F
Wiliston-ND,2023-11-11T05:00:00-06:00,Intermittent clouds,27,F
Wiliston-ND,2023-11-11T06:00:00-06:00,Mostly cloudy,26,F
Wiliston-ND,2023-11-11T07:00:00-06:00,Partly cloudy,26,F
Wiliston-ND,2023-11-11T08:00:00-06:00,Partly sunny,26,F
Wiliston-ND,2023-11-11T09:00:00-06:00,Partly sunny,27,F
Wiliston-ND,2023-11-11T10:00:00-06:00,Partly sunny,33,F
Wiliston-ND,2023-11-11T11:00:00-06:00,Partly sunny,38,F
Wiliston-ND,2023-11-11T12:00:00-06:00,Partly sunny,41,F
Wiliston-ND,2023-11-11T13:00:00-06:00,Partly sunny,45,F
Wiliston-ND,2023-11-11T14:00:00-06:00,Partly sunny,48,F
Wiliston-ND,2023-11-11T15:00:00-06:00,Partly sunny,50,F
Wiliston-ND,2023-11-11T16:00:00-06:00,Intermittent clouds,49,F
Wiliston-ND,2023-11-11T17:00:00-06:00,Intermittent clouds,46,F
Wiliston-ND,2023-11-11T18:00:00-06:00,Intermittent clouds,43,F
Wiliston-ND,2023-11-11T19:00:00-06:00,Partly cloudy w/ showers,40,F
Wiliston-ND,2023-11-11T20:00:00-06:00,Partly cloudy,39,F
Wiliston-ND,2023-11-11T21:00:00-06:00,Partly cloudy,38,F
Wiliston-ND,2023-11-11T22:00:00-06:00,Partly cloudy,37,F
Wiliston-ND,2023-11-11T23:00:00-06:00,Partly cloudy,36,F
Wiliston-ND,2023-11-12T00:00:00-06:00,Partly cloudy,37,F
Wiliston-ND,2023-11-12T01:00:00-06:00,Mostly cloudy,38,F
Wiliston-ND,2023-11-12T02:00:00-06:00,Partly cloudy w/ showers,39,F
Wiliston-ND,2023-11-12T03:00:00-06:00,Partly cloudy,40,F
Wiliston-ND,2023-11-12T04:00:00-06:00,Mostly clear,40,F
Wiliston-ND,2023-11-12T05:00:00-06:00,Mostly clear,39,F
Wiliston-ND,2023-11-12T06:00:00-06:00,Mostly clear,39,F
Wiliston-ND,2023-11-12T07:00:00-06:00,Clear,38,F
Wiliston-ND,2023-11-12T08:00:00-06:00,Sunny,37,F
Wiliston-ND,2023-11-12T09:00:00-06:00,Sunny,38,F
Wiliston-ND,2023-11-12T10:00:00-06:00,Sunny,41,F
Wiliston-ND,2023-11-12T11:00:00-06:00,Sunny,44,F
Wiliston-ND,2023-11-12T12:00:00-06:00,Sunny,47,F
Wiliston-ND,2023-11-12T13:00:00-06:00,Sunny,50,F
Wiliston-ND,2023-11-12T14:00:00-06:00,Mostly sunny,52,F
Wiliston-ND,2023-11-12T15:00:00-06:00,Mostly sunny,53,F
Wiliston-ND,2023-11-12T16:00:00-06:00,Mostly sunny,51,F
Wiliston-ND,2023-11-12T17:00:00-06:00,Mostly sunny,48,F
Wiliston-ND,2023-11-12T18:00:00-06:00,Mostly clear,45,F
Wiliston-ND,2023-11-12T19:00:00-06:00,Mostly clear,42,F
Wiliston-ND,2023-11-12T20:00:00-06:00,Mostly clear,39,F
Wiliston-ND,2023-11-12T21:00:00-06:00,Mostly clear,37,F
Wiliston-ND,2023-11-12T22:00:00-06:00,Mostly clear,35,F
Wiliston-ND,2023-11-12T23:00:00-06:00,Mostly clear,32,F
Wiliston-ND,2023-11-13T00:00:00-06:00,Mostly clear,30,F
Dickinson-ND,2023-11-11T00:00:00-07:00,Intermittent clouds,25,F
Dickinson-ND,2023-11-11T01:00:00-07:00,Mostly cloudy,25,F
Dickinson-ND,2023-11-11T02:00:00-07:00,Cloudy,26,F
Dickinson-ND,2023-11-11T03:00:00-07:00,Cloudy,26,F
Dickinson-ND,2023-11-11T04:00:00-07:00,Cloudy,26,F
Dickinson-ND,2023-11-11T05:00:00-07:00,Cloudy,26,F
Dickinson-ND,2023-11-11T06:00:00-07:00,Mostly cloudy,26,F
Dickinson-ND,2023-11-11T07:00:00-07:00,Mostly cloudy,27,F
Dickinson-ND,2023-11-11T08:00:00-07:00,Intermittent clouds,30,F
Dickinson-ND,2023-11-11T09:00:00-07:00,Partly sunny,32,F
Dickinson-ND,2023-11-11T10:00:00-07:00,Mostly sunny,39,F
Dickinson-ND,2023-11-11T11:00:00-07:00,Mostly sunny,43,F
Dickinson-ND,2023-11-11T12:00:00-07:00,Mostly sunny,45,F
Dickinson-ND,2023-11-11T13:00:00-07:00,Mostly sunny,50,F
Dickinson-ND,2023-11-11T14:00:00-07:00,Mostly sunny,53,F
Dickinson-ND,2023-11-11T15:00:00-07:00,Mostly sunny,51,F
Dickinson-ND,2023-11-11T16:00:00-07:00,Partly sunny,47,F
Dickinson-ND,2023-11-11T17:00:00-07:00,Partly cloudy,44,F
Dickinson-ND,2023-11-11T18:00:00-07:00,Partly cloudy,41,F
Dickinson-ND,2023-11-11T19:00:00-07:00,Partly cloudy,39,F
Dickinson-ND,2023-11-11T20:00:00-07:00,Partly cloudy,38,F
Dickinson-ND,2023-11-11T21:00:00-07:00,Partly cloudy,37,F
Dickinson-ND,2023-11-11T22:00:00-07:00,Partly cloudy,35,F
Dickinson-ND,2023-11-11T23:00:00-07:00,Partly cloudy,37,F
Dickinson-ND,2023-11-12T00:00:00-07:00,Partly cloudy,35,F
Dickinson-ND,2023-11-12T01:00:00-07:00,Partly cloudy,38,F
Dickinson-ND,2023-11-12T02:00:00-07:00,Partly cloudy,39,F
Dickinson-ND,2023-11-12T03:00:00-07:00,Partly cloudy,41,F
Dickinson-ND,2023-11-12T04:00:00-07:00,Partly cloudy,39,F
Dickinson-ND,2023-11-12T05:00:00-07:00,Mostly clear,41,F
Dickinson-ND,2023-11-12T06:00:00-07:00,Mostly clear,40,F
Dickinson-ND,2023-11-12T07:00:00-07:00,Mostly sunny,38,F
Dickinson-ND,2023-11-12T08:00:00-07:00,Mostly sunny,39,F
Dickinson-ND,2023-11-12T09:00:00-07:00,Mostly sunny,44,F
Dickinson-ND,2023-11-12T10:00:00-07:00,Mostly sunny,47,F
Dickinson-ND,2023-11-12T11:00:00-07:00,Mostly sunny,50,F
Dickinson-ND,2023-11-12T12:00:00-07:00,Sunny,54,F
Dickinson-ND,2023-11-12T13:00:00-07:00,Sunny,55,F
Dickinson-ND,2023-11-12T14:00:00-07:00,Sunny,54,F
Dickinson-ND,2023-11-12T15:00:00-07:00,Mostly sunny,52,F
Dickinson-ND,2023-11-12T16:00:00-07:00,Mostly sunny,49,F
Dickinson-ND,2023-11-12T17:00:00-07:00,Mostly clear,45,F
Dickinson-ND,2023-11-12T18:00:00-07:00,Mostly clear,42,F
Dickinson-ND,2023-11-12T19:00:00-07:00,Mostly clear,39,F
Dickinson-ND,2023-11-12T20:00:00-07:00,Mostly clear,37,F
Dickinson-ND,2023-11-12T21:00:00-07:00,Mostly clear,34,F
Dickinson-ND,2023-11-12T22:00:00-07:00,Mostly clear,32,F
Dickinson-ND,2023-11-12T23:00:00-07:00,Mostly clear,30,F
Bakersfield-CA,2023-11-10T23:00:00-08:00,Clear,47,F
Bakersfield-CA,2023-11-11T00:00:00-08:00,Mostly clear,46,F
Bakersfield-CA,2023-11-11T01:00:00-08:00,Mostly clear,45,F
Bakersfield-CA,2023-11-11T02:00:00-08:00,Mostly clear,44,F
Bakersfield-CA,2023-11-11T03:00:00-08:00,Mostly clear,43,F
Bakersfield-CA,2023-11-11T04:00:00-08:00,Mostly clear,42,F
Bakersfield-CA,2023-11-11T05:00:00-08:00,Mostly clear,41,F
Bakersfield-CA,2023-11-11T06:00:00-08:00,Mostly clear,41,F
Bakersfield-CA,2023-11-11T07:00:00-08:00,Sunny,44,F
Bakersfield-CA,2023-11-11T08:00:00-08:00,Sunny,48,F
Bakersfield-CA,2023-11-11T09:00:00-08:00,Sunny,53,F
Bakersfield-CA,2023-11-11T10:00:00-08:00,Sunny,57,F
Bakersfield-CA,2023-11-11T11:00:00-08:00,Sunny,61,F
Bakersfield-CA,2023-11-11T12:00:00-08:00,Sunny,64,F
Bakersfield-CA,2023-11-11T13:00:00-08:00,Sunny,67,F
Bakersfield-CA,2023-11-11T14:00:00-08:00,Sunny,69,F
Bakersfield-CA,2023-11-11T15:00:00-08:00,Sunny,71,F
Bakersfield-CA,2023-11-11T16:00:00-08:00,Sunny,69,F
Bakersfield-CA,2023-11-11T17:00:00-08:00,Clear,65,F
Bakersfield-CA,2023-11-11T18:00:00-08:00,Clear,61,F
Bakersfield-CA,2023-11-11T19:00:00-08:00,Clear,58,F
Bakersfield-CA,2023-11-11T20:00:00-08:00,Clear,55,F
Bakersfield-CA,2023-11-11T21:00:00-08:00,Clear,52,F
Bakersfield-CA,2023-11-11T22:00:00-08:00,Clear,50,F
Bakersfield-CA,2023-11-11T23:00:00-08:00,Clear,50,F
Bakersfield-CA,2023-11-12T00:00:00-08:00,Clear,48,F
Bakersfield-CA,2023-11-12T01:00:00-08:00,Clear,46,F
Bakersfield-CA,2023-11-12T02:00:00-08:00,Clear,45,F
Bakersfield-CA,2023-11-12T03:00:00-08:00,Clear,43,F
Bakersfield-CA,2023-11-12T04:00:00-08:00,Clear,42,F
Bakersfield-CA,2023-11-12T05:00:00-08:00,Clear,41,F
Bakersfield-CA,2023-11-12T06:00:00-08:00,Clear,40,F
Bakersfield-CA,2023-11-12T07:00:00-08:00,Mostly sunny,43,F
Bakersfield-CA,2023-11-12T08:00:00-08:00,Mostly sunny,48,F
Bakersfield-CA,2023-11-12T09:00:00-08:00,Mostly sunny,54,F
Bakersfield-CA,2023-11-12T10:00:00-08:00,Mostly sunny,60,F
Bakersfield-CA,2023-11-12T11:00:00-08:00,Mostly sunny,67,F
Bakersfield-CA,2023-11-12T12:00:00-08:00,Mostly sunny,70,F
Bakersfield-CA,2023-11-12T13:00:00-08:00,Mostly sunny,73,F
Bakersfield-CA,2023-11-12T14:00:00-08:00,Mostly sunny,76,F
Bakersfield-CA,2023-11-12T15:00:00-08:00,Mostly sunny,78,F
Bakersfield-CA,2023-11-12T16:00:00-08:00,Mostly sunny,75,F
Bakersfield-CA,2023-11-12T17:00:00-08:00,Mostly clear,70,F
Bakersfield-CA,2023-11-12T18:00:00-08:00,Mostly clear,65,F
Bakersfield-CA,2023-11-12T19:00:00-08:00,Mostly clear,62,F
Bakersfield-CA,2023-11-12T20:00:00-08:00,Mostly clear,59,F
Bakersfield-CA,2023-11-12T21:00:00-08:00,Mostly clear,56,F
Bakersfield-CA,2023-11-12T22:00:00-08:00,Mostly clear,54,F
Bishop-CA,2023-11-10T23:00:00-08:00,Clear,37,F
Bishop-CA,2023-11-11T00:00:00-08:00,Clear,35,F
Bishop-CA,2023-11-11T01:00:00-08:00,Clear,33,F
Bishop-CA,2023-11-11T02:00:00-08:00,Clear,31,F
Bishop-CA,2023-11-11T03:00:00-08:00,Clear,30,F
Bishop-CA,2023-11-11T04:00:00-08:00,Mostly clear,28,F
Bishop-CA,2023-11-11T05:00:00-08:00,Mostly clear,27,F
Bishop-CA,2023-11-11T06:00:00-08:00,Mostly clear,25,F
Bishop-CA,2023-11-11T07:00:00-08:00,Mostly sunny,28,F
Bishop-CA,2023-11-11T08:00:00-08:00,Sunny,35,F
Bishop-CA,2023-11-11T09:00:00-08:00,Sunny,42,F
Bishop-CA,2023-11-11T10:00:00-08:00,Sunny,49,F
Bishop-CA,2023-11-11T11:00:00-08:00,Sunny,59,F
Bishop-CA,2023-11-11T12:00:00-08:00,Mostly sunny,62,F
Bishop-CA,2023-11-11T13:00:00-08:00,Mostly sunny,64,F
Bishop-CA,2023-11-11T14:00:00-08:00,Sunny,67,F
Bishop-CA,2023-11-11T15:00:00-08:00,Sunny,69,F
Bishop-CA,2023-11-11T16:00:00-08:00,Sunny,65,F
Bishop-CA,2023-11-11T17:00:00-08:00,Clear,59,F
Bishop-CA,2023-11-11T18:00:00-08:00,Clear,53,F
Bishop-CA,2023-11-11T19:00:00-08:00,Mostly clear,49,F
Bishop-CA,2023-11-11T20:00:00-08:00,Mostly clear,46,F
Bishop-CA,2023-11-11T21:00:00-08:00,Mostly clear,43,F
Bishop-CA,2023-11-11T22:00:00-08:00,Mostly clear,40,F
Bishop-CA,2023-11-11T23:00:00-08:00,Mostly clear,39,F
Bishop-CA,2023-11-12T00:00:00-08:00,Mostly clear,37,F
Bishop-CA,2023-11-12T01:00:00-08:00,Mostly clear,36,F
Bishop-CA,2023-11-12T02:00:00-08:00,Mostly clear,34,F
Bishop-CA,2023-11-12T03:00:00-08:00,Mostly clear,33,F
Bishop-CA,2023-11-12T04:00:00-08:00,Mostly clear,31,F
Bishop-CA,2023-11-12T05:00:00-08:00,Mostly clear,30,F
Bishop-CA,2023-11-12T06:00:00-08:00,Mostly clear,29,F
Bishop-CA,2023-11-12T07:00:00-08:00,Mostly sunny,29,F
Bishop-CA,2023-11-12T08:00:00-08:00,Mostly sunny,36,F
Bishop-CA,2023-11-12T09:00:00-08:00,Mostly sunny,44,F
Bishop-CA,2023-11-12T10:00:00-08:00,Mostly sunny,52,F
Bishop-CA,2023-11-12T11:00:00-08:00,Mostly sunny,59,F
Bishop-CA,2023-11-12T12:00:00-08:00,Mostly sunny,63,F
Bishop-CA,2023-11-12T13:00:00-08:00,Mostly sunny,66,F
Bishop-CA,2023-11-12T14:00:00-08:00,Mostly sunny,69,F
Bishop-CA,2023-11-12T15:00:00-08:00,Partly sunny,66,F
Bishop-CA,2023-11-12T16:00:00-08:00,Partly sunny,62,F
Bishop-CA,2023-11-12T17:00:00-08:00,Partly cloudy,58,F
Bishop-CA,2023-11-12T18:00:00-08:00,Partly cloudy,54,F
Bishop-CA,2023-11-12T19:00:00-08:00,Mostly clear,49,F
Bishop-CA,2023-11-12T20:00:00-08:00,Mostly clear,46,F
Bishop-CA,2023-11-12T21:00:00-08:00,Mostly clear,43,F
Bishop-CA,2023-11-12T22:00:00-08:00,Mostly clear,40,F
Irvine-CA,2023-11-10T23:00:00-08:00,Mostly clear,54,F
Irvine-CA,2023-11-11T00:00:00-08:00,Mostly clear,53,F
Irvine-CA,2023-11-11T01:00:00-08:00,Clear,52,F
Irvine-CA,2023-11-11T02:00:00-08:00,Clear,51,F
Irvine-CA,2023-11-11T03:00:00-08:00,Clear,50,F
Irvine-CA,2023-11-11T04:00:00-08:00,Clear,50,F
Irvine-CA,2023-11-11T05:00:00-08:00,Clear,49,F
Irvine-CA,2023-11-11T06:00:00-08:00,Clear,48,F
Irvine-CA,2023-11-11T07:00:00-08:00,Sunny,52,F
Irvine-CA,2023-11-11T08:00:00-08:00,Sunny,58,F
Irvine-CA,2023-11-11T09:00:00-08:00,Sunny,65,F
Irvine-CA,2023-11-11T10:00:00-08:00,Sunny,71,F
Irvine-CA,2023-11-11T11:00:00-08:00,Sunny,72,F
Irvine-CA,2023-11-11T12:00:00-08:00,Sunny,76,F
Irvine-CA,2023-11-11T13:00:00-08:00,Sunny,79,F
Irvine-CA,2023-11-11T14:00:00-08:00,Sunny,82,F
Irvine-CA,2023-11-11T15:00:00-08:00,Sunny,79,F
Irvine-CA,2023-11-11T16:00:00-08:00,Sunny,75,F
Irvine-CA,2023-11-11T17:00:00-08:00,Clear,71,F
Irvine-CA,2023-11-11T18:00:00-08:00,Clear,68,F
Irvine-CA,2023-11-11T19:00:00-08:00,Clear,65,F
Irvine-CA,2023-11-11T20:00:00-08:00,Clear,62,F
Irvine-CA,2023-11-11T21:00:00-08:00,Clear,60,F
Irvine-CA,2023-11-11T22:00:00-08:00,Clear,58,F
Irvine-CA,2023-11-11T23:00:00-08:00,Clear,53,F
Irvine-CA,2023-11-12T00:00:00-08:00,Clear,52,F
Irvine-CA,2023-11-12T01:00:00-08:00,Clear,52,F
Irvine-CA,2023-11-12T02:00:00-08:00,Clear,51,F
Irvine-CA,2023-11-12T03:00:00-08:00,Clear,51,F
Irvine-CA,2023-11-12T04:00:00-08:00,Clear,51,F
Irvine-CA,2023-11-12T05:00:00-08:00,Clear,50,F
Irvine-CA,2023-11-12T06:00:00-08:00,Clear,50,F
Irvine-CA,2023-11-12T07:00:00-08:00,Sunny,54,F
Irvine-CA,2023-11-12T08:00:00-08:00,Sunny,60,F
Irvine-CA,2023-11-12T09:00:00-08:00,Sunny,68,F
Irvine-CA,2023-11-12T10:00:00-08:00,Mostly sunny,73,F
Irvine-CA,2023-11-12T11:00:00-08:00,Sunny,80,F
Irvine-CA,2023-11-12T12:00:00-08:00,Sunny,81,F
Irvine-CA,2023-11-12T13:00:00-08:00,Mostly sunny,82,F
Irvine-CA,2023-11-12T14:00:00-08:00,Mostly sunny,83,F
Irvine-CA,2023-11-12T15:00:00-08:00,Mostly sunny,81,F
Irvine-CA,2023-11-12T16:00:00-08:00,Mostly sunny,78,F
Irvine-CA,2023-11-12T17:00:00-08:00,Mostly clear,75,F
Irvine-CA,2023-11-12T18:00:00-08:00,Mostly clear,71,F
Irvine-CA,2023-11-12T19:00:00-08:00,Mostly clear,68,F
Irvine-CA,2023-11-12T20:00:00-08:00,Clear,65,F
Irvine-CA,2023-11-12T21:00:00-08:00,Clear,62,F
Irvine-CA,2023-11-12T22:00:00-08:00,Mostly clear,62,F
Darwin-CA,2023-11-11T17:00:00+09:30,Mostly sunny,92,F
Darwin-CA,2023-11-11T18:00:00+09:30,Mostly sunny,89,F
Darwin-CA,2023-11-11T19:00:00+09:30,Mostly clear,85,F
Darwin-CA,2023-11-11T20:00:00+09:30,Mostly clear,84,F
Darwin-CA,2023-11-11T21:00:00+09:30,Mostly clear,83,F
Darwin-CA,2023-11-11T22:00:00+09:30,Mostly clear,83,F
Darwin-CA,2023-11-11T23:00:00+09:30,Partly cloudy,82,F
Darwin-CA,2023-11-12T00:00:00+09:30,Partly cloudy,82,F
Darwin-CA,2023-11-12T01:00:00+09:30,Intermittent clouds,82,F
Darwin-CA,2023-11-12T02:00:00+09:30,Intermittent clouds,82,F
Darwin-CA,2023-11-12T03:00:00+09:30,Thunderstorms,81,F
Darwin-CA,2023-11-12T04:00:00+09:30,Mostly cloudy,81,F
Darwin-CA,2023-11-12T05:00:00+09:30,Thunderstorms,81,F
Darwin-CA,2023-11-12T06:00:00+09:30,Intermittent clouds,80,F
Darwin-CA,2023-11-12T07:00:00+09:30,Intermittent clouds,81,F
Darwin-CA,2023-11-12T08:00:00+09:30,Intermittent clouds,83,F
Darwin-CA,2023-11-12T09:00:00+09:30,Intermittent clouds,84,F
Darwin-CA,2023-11-12T10:00:00+09:30,Intermittent clouds,86,F
Darwin-CA,2023-11-12T11:00:00+09:30,Partly sunny,88,F
Darwin-CA,2023-11-12T12:00:00+09:30,Partly sunny,88,F
Darwin-CA,2023-11-12T13:00:00+09:30,Mostly sunny,89,F
Darwin-CA,2023-11-12T14:00:00+09:30,Mostly sunny,90,F
Darwin-CA,2023-11-12T15:00:00+09:30,Mostly cloudy w/ t-storms,88,F
Darwin-CA,2023-11-12T16:00:00+09:30,Intermittent clouds,91,F
Darwin-CA,2023-11-12T17:00:00+09:30,Mostly sunny,92,F
Darwin-CA,2023-11-12T18:00:00+09:30,Mostly sunny,91,F
Darwin-CA,2023-11-12T19:00:00+09:30,Cloudy,89,F
Darwin-CA,2023-11-12T20:00:00+09:30,Mostly cloudy,87,F
Darwin-CA,2023-11-12T21:00:00+09:30,Intermittent clouds,85,F
Darwin-CA,2023-11-12T22:00:00+09:30,Intermittent clouds,83,F
Darwin-CA,2023-11-12T23:00:00+09:30,Partly cloudy,82,F
Darwin-CA,2023-11-13T00:00:00+09:30,Mostly clear,81,F
Darwin-CA,2023-11-13T01:00:00+09:30,Clear,81,F
Darwin-CA,2023-11-13T02:00:00+09:30,Clear,81,F
Darwin-CA,2023-11-13T03:00:00+09:30,Mostly clear,81,F
Darwin-CA,2023-11-13T04:00:00+09:30,Mostly clear,81,F
Darwin-CA,2023-11-13T05:00:00+09:30,Mostly clear,81,F
Darwin-CA,2023-11-13T06:00:00+09:30,Mostly cloudy w/ t-storms,81,F
Darwin-CA,2023-11-13T07:00:00+09:30,Partly sunny,82,F
Darwin-CA,2023-11-13T08:00:00+09:30,Partly sunny,83,F
Darwin-CA,2023-11-13T09:00:00+09:30,Intermittent clouds,84,F
Darwin-CA,2023-11-13T10:00:00+09:30,Partly sunny,86,F
Darwin-CA,2023-11-13T11:00:00+09:30,Partly sunny,88,F
Darwin-CA,2023-11-13T12:00:00+09:30,Intermittent clouds,88,F
Darwin-CA,2023-11-13T13:00:00+09:30,Intermittent clouds,89,F
Darwin-CA,2023-11-13T14:00:00+09:30,Intermittent clouds,88,F
Darwin-CA,2023-11-13T15:00:00+09:30,Mostly cloudy,87,F
Darwin-CA,2023-11-13T16:00:00+09:30,Showers,85,F
Bayswater-CA,2023-11-11T18:00:00+11:00,Mostly sunny,64,F
Bayswater-CA,2023-11-11T19:00:00+11:00,Sunny,61,F
Bayswater-CA,2023-11-11T20:00:00+11:00,Sunny,59,F
Bayswater-CA,2023-11-11T21:00:00+11:00,Clear,55,F
Bayswater-CA,2023-11-11T22:00:00+11:00,Clear,54,F
Bayswater-CA,2023-11-11T23:00:00+11:00,Clear,52,F
Bayswater-CA,2023-11-12T00:00:00+11:00,Clear,51,F
Bayswater-CA,2023-11-12T01:00:00+11:00,Clear,50,F
Bayswater-CA,2023-11-12T02:00:00+11:00,Clear,49,F
Bayswater-CA,2023-11-12T03:00:00+11:00,Clear,48,F
Bayswater-CA,2023-11-12T04:00:00+11:00,Clear,47,F
Bayswater-CA,2023-11-12T05:00:00+11:00,Clear,46,F
Bayswater-CA,2023-11-12T06:00:00+11:00,Partly cloudy,48,F
Bayswater-CA,2023-11-12T07:00:00+11:00,Intermittent clouds,49,F
Bayswater-CA,2023-11-12T08:00:00+11:00,Cloudy,52,F
Bayswater-CA,2023-11-12T09:00:00+11:00,Mostly cloudy,55,F
Bayswater-CA,2023-11-12T10:00:00+11:00,Intermittent clouds,58,F
Bayswater-CA,2023-11-12T11:00:00+11:00,Intermittent clouds,61,F
Bayswater-CA,2023-11-12T12:00:00+11:00,Intermittent clouds,63,F
Bayswater-CA,2023-11-12T13:00:00+11:00,Intermittent clouds,64,F
Bayswater-CA,2023-11-12T14:00:00+11:00,Intermittent clouds,66,F
Bayswater-CA,2023-11-12T15:00:00+11:00,Intermittent clouds,65,F
Bayswater-CA,2023-11-12T16:00:00+11:00,Partly sunny,64,F
Bayswater-CA,2023-11-12T17:00:00+11:00,Partly sunny,63,F
Bayswater-CA,2023-11-12T18:00:00+11:00,Partly sunny,60,F
Bayswater-CA,2023-11-12T19:00:00+11:00,Mostly sunny,58,F
Bayswater-CA,2023-11-12T20:00:00+11:00,Partly sunny,58,F
Bayswater-CA,2023-11-12T21:00:00+11:00,Partly cloudy,56,F
Bayswater-CA,2023-11-12T22:00:00+11:00,Partly cloudy,54,F
Bayswater-CA,2023-11-12T23:00:00+11:00,Intermittent clouds,54,F
Bayswater-CA,2023-11-13T00:00:00+11:00,Intermittent clouds,52,F
Bayswater-CA,2023-11-13T01:00:00+11:00,Intermittent clouds,51,F
Bayswater-CA,2023-11-13T02:00:00+11:00,Partly cloudy,49,F
Bayswater-CA,2023-11-13T03:00:00+11:00,Intermittent clouds,50,F
Bayswater-CA,2023-11-13T04:00:00+11:00,Mostly cloudy,52,F
Bayswater-CA,2023-11-13T05:00:00+11:00,Cloudy,52,F
Bayswater-CA,2023-11-13T06:00:00+11:00,Cloudy,52,F
Bayswater-CA,2023-11-13T07:00:00+11:00,Cloudy,52,F
Bayswater-CA,2023-11-13T08:00:00+11:00,Cloudy,53,F
Bayswater-CA,2023-11-13T09:00:00+11:00,Mostly cloudy,56,F
Bayswater-CA,2023-11-13T10:00:00+11:00,Intermittent clouds,59,F
Bayswater-CA,2023-11-13T11:00:00+11:00,Intermittent clouds,62,F
Bayswater-CA,2023-11-13T12:00:00+11:00,Partly sunny,64,F
Bayswater-CA,2023-11-13T13:00:00+11:00,Mostly sunny,65,F
Bayswater-CA,2023-11-13T14:00:00+11:00,Sunny,66,F
Bayswater-CA,2023-11-13T15:00:00+11:00,Sunny,68,F
Bayswater-CA,2023-11-13T16:00:00+11:00,Mostly sunny,67,F
Bayswater-CA,2023-11-13T17:00:00+11:00,Mostly sunny,67,F
Arvin-CA,2023-11-10T23:00:00-08:00,Mostly clear,45,F
Arvin-CA,2023-11-11T00:00:00-08:00,Mostly clear,44,F
Arvin-CA,2023-11-11T01:00:00-08:00,Mostly clear,43,F
Arvin-CA,2023-11-11T02:00:00-08:00,Mostly clear,43,F
Arvin-CA,2023-11-11T03:00:00-08:00,Mostly clear,42,F
Arvin-CA,2023-11-11T04:00:00-08:00,Mostly clear,41,F
Arvin-CA,2023-11-11T05:00:00-08:00,Mostly clear,41,F
Arvin-CA,2023-11-11T06:00:00-08:00,Mostly clear,40,F
Arvin-CA,2023-11-11T07:00:00-08:00,Sunny,43,F
Arvin-CA,2023-11-11T08:00:00-08:00,Sunny,49,F
Arvin-CA,2023-11-11T09:00:00-08:00,Sunny,54,F
Arvin-CA,2023-11-11T10:00:00-08:00,Sunny,60,F
Arvin-CA,2023-11-11T11:00:00-08:00,Sunny,60,F
Arvin-CA,2023-11-11T12:00:00-08:00,Sunny,63,F
Arvin-CA,2023-11-11T13:00:00-08:00,Sunny,66,F
Arvin-CA,2023-11-11T14:00:00-08:00,Sunny,69,F
Arvin-CA,2023-11-11T15:00:00-08:00,Sunny,71,F
Arvin-CA,2023-11-11T16:00:00-08:00,Sunny,69,F
Arvin-CA,2023-11-11T17:00:00-08:00,Clear,65,F
Arvin-CA,2023-11-11T18:00:00-08:00,Clear,61,F
Arvin-CA,2023-11-11T19:00:00-08:00,Clear,58,F
Arvin-CA,2023-11-11T20:00:00-08:00,Clear,55,F
Arvin-CA,2023-11-11T21:00:00-08:00,Clear,53,F
Arvin-CA,2023-11-11T22:00:00-08:00,Clear,52,F
Arvin-CA,2023-11-11T23:00:00-08:00,Clear,48,F
Arvin-CA,2023-11-12T00:00:00-08:00,Clear,47,F
Arvin-CA,2023-11-12T01:00:00-08:00,Clear,46,F
Arvin-CA,2023-11-12T02:00:00-08:00,Clear,45,F
Arvin-CA,2023-11-12T03:00:00-08:00,Clear,44,F
Arvin-CA,2023-11-12T04:00:00-08:00,Clear,44,F
Arvin-CA,2023-11-12T05:00:00-08:00,Clear,43,F
Arvin-CA,2023-11-12T06:00:00-08:00,Clear,42,F
Arvin-CA,2023-11-12T07:00:00-08:00,Mostly sunny,44,F
Arvin-CA,2023-11-12T08:00:00-08:00,Mostly sunny,49,F
Arvin-CA,2023-11-12T09:00:00-08:00,Mostly sunny,58,F
Arvin-CA,2023-11-12T10:00:00-08:00,Mostly sunny,67,F
Arvin-CA,2023-11-12T11:00:00-08:00,Mostly sunny,71,F
Arvin-CA,2023-11-12T12:00:00-08:00,Mostly sunny,74,F
Arvin-CA,2023-11-12T13:00:00-08:00,Mostly sunny,78,F
Arvin-CA,2023-11-12T14:00:00-08:00,Mostly sunny,81,F
Arvin-CA,2023-11-12T15:00:00-08:00,Mostly sunny,79,F
Arvin-CA,2023-11-12T16:00:00-08:00,Mostly sunny,75,F
Arvin-CA,2023-11-12T17:00:00-08:00,Mostly clear,72,F
Arvin-CA,2023-11-12T18:00:00-08:00,Mostly clear,67,F
Arvin-CA,2023-11-12T19:00:00-08:00,Mostly clear,64,F
Arvin-CA,2023-11-12T20:00:00-08:00,Mostly clear,61,F
Arvin-CA,2023-11-12T21:00:00-08:00,Mostly clear,59,F
Arvin-CA,2023-11-12T22:00:00-08:00,Mostly clear,57,F
Montrose-CO,2023-11-11T21:58:00-07:00,Clear,33,F
Montrose-CO,2023-11-11T20:58:00-07:00,Clear,34,F
Montrose-CO,2023-11-11T19:58:00-07:00,Clear,33,F
Montrose-CO,2023-11-11T18:59:00-07:00,Clear,36,F
Montrose-CO,2023-11-11T17:58:00-07:00,Mostly clear,36,F
Montrose-CO,2023-11-11T16:58:00-07:00,Partly cloudy,38,F
Montrose-CO,2023-11-11T15:58:00-07:00,Partly cloudy,37,F
Montrose-CO,2023-11-11T14:58:00-07:00,Clear,37,F
Montrose-CO,2023-11-11T13:58:00-07:00,Clear,39,F
Montrose-CO,2023-11-11T12:58:00-07:00,Clear,39,F
Montrose-CO,2023-11-11T11:58:00-07:00,Clear,42,F
Montrose-CO,2023-11-11T10:58:00-07:00,Clear,40,F
Montrose-CO,2023-11-11T09:58:00-07:00,Clear,42,F
Montrose-CO,2023-11-11T08:58:00-07:00,Sunny,46,F
Montrose-CO,2023-11-11T07:58:00-07:00,Sunny,48,F
Montrose-CO,2023-11-11T06:58:00-07:00,Sunny,49,F
Montrose-CO,2023-11-11T05:58:00-07:00,Mostly cloudy,48,F
Montrose-CO,2023-11-11T04:58:00-07:00,Sunny,48,F
Montrose-CO,2023-11-11T03:58:00-07:00,Sunny,46,F
Montrose-CO,2023-11-11T02:58:00-07:00,Mostly cloudy,46,F
Montrose-CO,2023-11-11T01:58:00-07:00,Sunny,42,F
Montrose-CO,2023-11-11T00:58:00-07:00,Sunny,39,F
Montrose-CO,2023-11-11T23:58:00-07:00,Mostly clear,42,F
Montrose-CO,2023-11-11T22:58:00-07:00,Clear,42,F
Montrose-CO,2023-11-12T00:00:00-07:00,Mostly clear,31,F
Montrose-CO,2023-11-12T01:00:00-07:00,Partly sunny,33,F
Montrose-CO,2023-11-12T02:00:00-07:00,Partly sunny,35,F
Montrose-CO,2023-11-12T03:00:00-07:00,Partly sunny,39,F
Montrose-CO,2023-11-12T04:00:00-07:00,Intermittent clouds,42,F
Montrose-CO,2023-11-12T05:00:00-07:00,Mostly cloudy,46,F
Montrose-CO,2023-11-12T06:00:00-07:00,Intermittent clouds,47,F
Montrose-CO,2023-11-12T07:00:00-07:00,Intermittent clouds,48,F
Montrose-CO,2023-11-12T08:00:00-07:00,Intermittent clouds,46,F
Montrose-CO,2023-11-12T09:00:00-07:00,Intermittent clouds,46,F
Montrose-CO,2023-11-12T10:00:00-07:00,Intermittent clouds,45,F
Montrose-CO,2023-11-12T11:00:00-07:00,Partly cloudy,46,F
Montrose-CO,2023-11-12T12:00:00-07:00,Showers,46,F
Montrose-CO,2023-11-12T13:00:00-07:00,Showers,47,F
Montrose-CO,2023-11-12T14:00:00-07:00,Cloudy,48,F
Montrose-CO,2023-11-12T15:00:00-07:00,Cloudy,49,F
Montrose-CO,2023-11-12T16:00:00-07:00,Cloudy,50,F
Montrose-CO,2023-11-12T17:00:00-07:00,Cloudy,50,F
Montrose-CO,2023-11-12T18:00:00-07:00,Rain,50,F
Montrose-CO,2023-11-12T19:00:00-07:00,Cloudy,50,F
Montrose-CO,2023-11-12T20:00:00-07:00,Cloudy,49,F
Montrose-CO,2023-11-12T21:00:00-07:00,Cloudy,49,F
Montrose-CO,2023-11-12T22:00:00-07:00,Rain,50,F
Montrose-CO,2023-11-12T23:00:00-07:00,Cloudy,50,F
Aspen-CO,2023-11-11T21:58:00-07:00,Clear,26,F
Aspen-CO,2023-11-11T20:58:00-07:00,Clear,27,F
Aspen-CO,2023-11-11T19:58:00-07:00,Clear,29,F
Aspen-CO,2023-11-11T18:59:00-07:00,Clear,31,F
Aspen-CO,2023-11-11T17:58:00-07:00,Clear,38,F
Aspen-CO,2023-11-11T16:58:00-07:00,Clear,44,F
Aspen-CO,2023-11-11T15:58:00-07:00,Sunny,46,F
Aspen-CO,2023-11-11T14:58:00-07:00,Sunny,45,F
Aspen-CO,2023-11-11T13:58:00-07:00,Sunny,46,F
Aspen-CO,2023-11-11T12:58:00-07:00,Sunny,44,F
Aspen-CO,2023-11-11T11:58:00-07:00,Sunny,40,F
Aspen-CO,2023-11-11T10:58:00-07:00,Sunny,36,F
Aspen-CO,2023-11-11T09:58:00-07:00,Sunny,30,F
Aspen-CO,2023-11-11T08:58:00-07:00,Sunny,26,F
Aspen-CO,2023-11-11T07:58:00-07:00,Sunny,19,F
Aspen-CO,2023-11-11T06:58:00-07:00,Sunny,19,F
Aspen-CO,2023-11-11T05:58:00-07:00,Clear,20,F
Aspen-CO,2023-11-11T04:58:00-07:00,Clear,21,F
Aspen-CO,2023-11-11T03:58:00-07:00,Clear,21,F
Aspen-CO,2023-11-11T02:58:00-07:00,Clear,23,F
Aspen-CO,2023-11-11T01:58:00-07:00,Clear,22,F
Aspen-CO,2023-11-11T00:58:00-07:00,Clear,23,F
Aspen-CO,2023-11-11T23:58:00-07:00,Clear,24,F
Aspen-CO,2023-11-11T22:58:00-07:00,Mostly clear,22,F
Aspen-CO,2023-11-12T00:00:00-07:00,Mostly clear,23,F
Aspen-CO,2023-11-12T01:00:00-07:00,Mostly clear,21,F
Aspen-CO,2023-11-12T02:00:00-07:00,Mostly clear,19,F
Aspen-CO,2023-11-12T03:00:00-07:00,Mostly clear,18,F
Aspen-CO,2023-11-12T04:00:00-07:00,Mostly clear,16,F
Aspen-CO,2023-11-12T05:00:00-07:00,Mostly clear,15,F
Aspen-CO,2023-11-12T06:00:00-07:00,Mostly clear,17,F
Aspen-CO,2023-11-12T07:00:00-07:00,Sunny,20,F
Aspen-CO,2023-11-12T08:00:00-07:00,Sunny,22,F
Aspen-CO,2023-11-12T09:00:00-07:00,Sunny,30,F
Aspen-CO,2023-11-12T10:00:00-07:00,Sunny,37,F
Aspen-CO,2023-11-12T11:00:00-07:00,Sunny,43,F
Aspen-CO,2023-11-12T12:00:00-07:00,Mostly sunny,46,F
Aspen-CO,2023-11-12T13:00:00-07:00,Mostly sunny,49,F
Aspen-CO,2023-11-12T14:00:00-07:00,Sunny,52,F
Aspen-CO,2023-11-12T15:00:00-07:00,Sunny,54,F
Aspen-CO,2023-11-12T16:00:00-07:00,Sunny,51,F
Aspen-CO,2023-11-12T17:00:00-07:00,Mostly clear,45,F
Aspen-CO,2023-11-12T18:00:00-07:00,Clear,40,F
Aspen-CO,2023-11-12T19:00:00-07:00,Clear,37,F
Aspen-CO,2023-11-12T20:00:00-07:00,Clear,34,F
Aspen-CO,2023-11-12T21:00:00-07:00,Clear,31,F
Aspen-CO,2023-11-12T22:00:00-07:00,Clear,29,F
Aspen-CO,2023-11-12T23:00:00-07:00,Clear,28,F
Telluride-CO,2023-11-11T21:58:00-07:00,Clear,37,F
Telluride-CO,2023-11-11T20:58:00-07:00,Mostly clear,37,F
Telluride-CO,2023-11-11T19:58:00-07:00,Clear,33,F
Telluride-CO,2023-11-11T18:59:00-07:00,Clear,35,F
Telluride-CO,2023-11-11T17:58:00-07:00,Clear,33,F
Telluride-CO,2023-11-11T16:58:00-07:00,Sunny,38,F
Telluride-CO,2023-11-11T15:58:00-07:00,Sunny,42,F
Telluride-CO,2023-11-11T14:58:00-07:00,Sunny,44,F
Telluride-CO,2023-11-11T13:58:00-07:00,Sunny,43,F
Telluride-CO,2023-11-11T12:58:00-07:00,Sunny,43,F
Telluride-CO,2023-11-11T11:58:00-07:00,Sunny,41,F
Telluride-CO,2023-11-11T10:58:00-07:00,Sunny,38,F
Telluride-CO,2023-11-11T09:58:00-07:00,Sunny,34,F
Telluride-CO,2023-11-11T08:58:00-07:00,Sunny,35,F
Telluride-CO,2023-11-11T07:58:00-07:00,Mostly sunny,29,F
Telluride-CO,2023-11-11T06:58:00-07:00,Sunny,28,F
Telluride-CO,2023-11-11T05:58:00-07:00,Clear,22,F
Telluride-CO,2023-11-11T04:58:00-07:00,Clear,24,F
Telluride-CO,2023-11-11T03:58:00-07:00,Clear,24,F
Telluride-CO,2023-11-11T02:58:00-07:00,Clear,23,F
Telluride-CO,2023-11-11T01:58:00-07:00,Clear,27,F
Telluride-CO,2023-11-11T00:58:00-07:00,Clear,28,F
Telluride-CO,2023-11-11T23:58:00-07:00,Clear,27,F
Telluride-CO,2023-11-11T22:58:00-07:00,Clear,28,F
Telluride-CO,2023-11-12T00:00:00-07:00,Clear,34,F
Telluride-CO,2023-11-12T01:00:00-07:00,Clear,33,F
Telluride-CO,2023-11-12T02:00:00-07:00,Clear,32,F
Telluride-CO,2023-11-12T03:00:00-07:00,Clear,31,F
Telluride-CO,2023-11-12T04:00:00-07:00,Clear,30,F
Telluride-CO,2023-11-12T05:00:00-07:00,Clear,29,F
Telluride-CO,2023-11-12T06:00:00-07:00,Clear,28,F
Telluride-CO,2023-11-12T07:00:00-07:00,Sunny,31,F
Telluride-CO,2023-11-12T08:00:00-07:00,Sunny,35,F
Telluride-CO,2023-11-12T09:00:00-07:00,Sunny,39,F
Telluride-CO,2023-11-12T10:00:00-07:00,Sunny,45,F
Telluride-CO,2023-11-12T11:00:00-07:00,Sunny,48,F
Telluride-CO,2023-11-12T12:00:00-07:00,Sunny,53,F
Telluride-CO,2023-11-12T13:00:00-07:00,Sunny,54,F
Telluride-CO,2023-11-12T14:00:00-07:00,Sunny,53,F
Telluride-CO,2023-11-12T15:00:00-07:00,Sunny,50,F
Telluride-CO,2023-11-12T16:00:00-07:00,Sunny,48,F
Telluride-CO,2023-11-12T17:00:00-07:00,Sunny,45,F
Telluride-CO,2023-11-12T18:00:00-07:00,Clear,43,F
Telluride-CO,2023-11-12T19:00:00-07:00,Clear,41,F
Telluride-CO,2023-11-12T20:00:00-07:00,Clear,39,F
Telluride-CO,2023-11-12T21:00:00-07:00,Clear,38,F
Telluride-CO,2023-11-12T22:00:00-07:00,Clear,38,F
Telluride-CO,2023-11-12T23:00:00-07:00,Clear,37,F
Prescott-AZ,2023-11-11T21:58:00-07:00,Clear,53,F
Prescott-AZ,2023-11-11T20:58:00-07:00,Clear,51,F
Prescott-AZ,2023-11-11T19:58:00-07:00,Clear,48,F
Prescott-AZ,2023-11-11T18:59:00-07:00,Clear,55,F